--УДАЛЯЕМ ТАБЛИЦЫ
DROP TABLE IF EXISTS blog CASCADE;
DROP TABLE IF EXISTS category CASCADE;
DROP TABLE IF EXISTS ingredient CASCADE;
DROP TABLE IF EXISTS persondata CASCADE;
DROP TABLE IF EXISTS phrase CASCADE;
DROP TABLE IF EXISTS recipe CASCADE;
DROP TABLE IF EXISTS tag CASCADE;
DROP TABLE IF EXISTS tagconnection CASCADE;
DROP TABLE IF EXISTS token CASCADE;
DROP TABLE IF EXISTS users CASCADE;
DROP TABLE IF EXISTS roles CASCADE;


--СОЗДАЁМ ТАБЛИЦЫ
-- This script was generated by the ERD tool in pgAdmin 4.
-- Please log an issue at https://redmine.postgresql.org/projects/pgadmin4/issues/new if you find any bugs, including reproduction steps.
BEGIN;


CREATE TABLE IF NOT EXISTS public.users
(
    id serial NOT NULL,
    email character varying(255) NOT NULL,
    password character varying(64) NOT NULL,
    role integer NOT NULL,
    isactivated boolean NOT NULL DEFAULT false,
    activationlink text,
    PRIMARY KEY (id),
    CONSTRAINT "login_UNIQUE_Error" UNIQUE (email)
);

CREATE TABLE IF NOT EXISTS public.category
(
    id serial NOT NULL,
    user_id integer NOT NULL,
    caption character varying(255) NOT NULL,
    photopreview character varying,
    bg character varying,
    caption_lat character varying,
    PRIMARY KEY (id),
    CONSTRAINT "Category_UNIQUE_Error" UNIQUE (caption_lat)
);

CREATE TABLE IF NOT EXISTS public.phrase
(
    id serial NOT NULL,
    user_id integer NOT NULL,
    caption character varying NOT NULL,
    PRIMARY KEY (id),
    CONSTRAINT "Phrase_UNIQUE_Error" UNIQUE (caption)
);

CREATE TABLE IF NOT EXISTS public.blog
(
    id serial NOT NULL,
    user_id integer NOT NULL,
    dateadd date NOT NULL,
    caption character varying(255) NOT NULL,
    caption_lat character varying NOT NULL,
    photoorig text,
    photopreview text,
    description text NOT NULL,
    PRIMARY KEY (id),
    CONSTRAINT "Blog_UNIQUE_Error" UNIQUE (caption_lat)
);

CREATE TABLE IF NOT EXISTS public.recipe
(
    id serial NOT NULL,
    user_id integer NOT NULL,
    category_id integer NOT NULL,
    dateadd character varying NOT NULL,
    caption character varying(255) NOT NULL,
    caption_lat character varying NOT NULL,
    photoorig text,
    photopreview text,
    shortdescription text,
    cookingtext text NOT NULL,
    PRIMARY KEY (id),
    CONSTRAINT "Recipe_UNIQUE_Error" UNIQUE (caption_lat)
);

CREATE TABLE IF NOT EXISTS public.ingredient
(
    id serial NOT NULL,
    user_id integer NOT NULL,
    recipe_id integer NOT NULL,
    caption character varying(255) NOT NULL,
		definition character varying,
    PRIMARY KEY (id)
);

CREATE TABLE IF NOT EXISTS public.persondata
(
    id serial NOT NULL,
    user_id integer NOT NULL,
    name character varying(255),
    avatar character varying,
    PRIMARY KEY (id),
    CONSTRAINT "PersonData_UNIQUE_Error" UNIQUE (name)
);

CREATE TABLE IF NOT EXISTS public.token
(
    id serial NOT NULL,
    user_id integer,
    refreshtoken text,
    PRIMARY KEY (id)
);

CREATE TABLE IF NOT EXISTS public.tag
(
    id serial NOT NULL,
    tagname character varying(255),
    PRIMARY KEY (id),
    CONSTRAINT "Tag(tagname)_UNIQUE_Error" UNIQUE (tagname)
);

CREATE TABLE IF NOT EXISTS public.tagconnection
(
    id serial NOT NULL,
    tag_id integer NOT NULL,
    blog_id integer,
    recipe_id integer,
    PRIMARY KEY (id)
);

CREATE TABLE IF NOT EXISTS public.roles
(
    id serial NOT NULL,
    role character varying NOT NULL,
    roledescription character varying,
    PRIMARY KEY (roledescription),
    CONSTRAINT "Roles_UNIQUE(role)_Error" UNIQUE (role),
    CONSTRAINT "Roles_UNIQUE(id)_Error" UNIQUE (id),
    CONSTRAINT "Roles_UNIQUE(roledescription)_Error" UNIQUE (roledescription)
);

ALTER TABLE IF EXISTS public.users
    ADD FOREIGN KEY (role)
    REFERENCES public.roles (id) MATCH SIMPLE
    ON UPDATE NO ACTION
    ON DELETE NO ACTION
    NOT VALID;


ALTER TABLE IF EXISTS public.category
    ADD CONSTRAINT "Category_FK_Error" FOREIGN KEY (user_id)
    REFERENCES public.users (id) MATCH SIMPLE
    ON UPDATE CASCADE
    ON DELETE CASCADE
    NOT VALID;


ALTER TABLE IF EXISTS public.phrase
    ADD CONSTRAINT "Phrase_FK_Error" FOREIGN KEY (user_id)
    REFERENCES public.users (id) MATCH SIMPLE
    ON UPDATE CASCADE
    ON DELETE CASCADE
    NOT VALID;


ALTER TABLE IF EXISTS public.blog
    ADD CONSTRAINT "Blog_FK_Error" FOREIGN KEY (user_id)
    REFERENCES public.users (id) MATCH SIMPLE
    ON UPDATE CASCADE
    ON DELETE CASCADE
    NOT VALID;


ALTER TABLE IF EXISTS public.recipe
    ADD CONSTRAINT "Recipe(user_id)_FK_Error" FOREIGN KEY (user_id)
    REFERENCES public.users (id) MATCH SIMPLE
    ON UPDATE CASCADE
    ON DELETE CASCADE
    NOT VALID;


ALTER TABLE IF EXISTS public.recipe
    ADD CONSTRAINT "Recipe(category_id)_FK_Error" FOREIGN KEY (category_id)
    REFERENCES public.category (id) MATCH SIMPLE
    ON UPDATE CASCADE
    ON DELETE CASCADE
    NOT VALID;


ALTER TABLE IF EXISTS public.ingredient
    ADD CONSTRAINT "Ingredient(user_id)_FK_Error" FOREIGN KEY (user_id)
    REFERENCES public.users (id) MATCH SIMPLE
    ON UPDATE CASCADE
    ON DELETE CASCADE
    NOT VALID;


ALTER TABLE IF EXISTS public.ingredient
    ADD CONSTRAINT "Ingredient(recipe_id)_FK_Error" FOREIGN KEY (recipe_id)
    REFERENCES public.recipe (id) MATCH SIMPLE
    ON UPDATE NO ACTION
    ON DELETE NO ACTION
    NOT VALID;


ALTER TABLE IF EXISTS public.persondata
    ADD CONSTRAINT "PersonData_FK_Error" FOREIGN KEY (user_id)
    REFERENCES public.users (id) MATCH SIMPLE
    ON UPDATE CASCADE
    ON DELETE CASCADE
    NOT VALID;


ALTER TABLE IF EXISTS public.token
    ADD CONSTRAINT "Token(user_id)_FK_Error" FOREIGN KEY (user_id)
    REFERENCES public.users (id) MATCH SIMPLE
    ON UPDATE CASCADE
    ON DELETE CASCADE
    NOT VALID;


ALTER TABLE IF EXISTS public.tagconnection
    ADD CONSTRAINT "Tagconnection(tag_id)_FK_Error" FOREIGN KEY (tag_id)
    REFERENCES public.tag (id) MATCH SIMPLE
    ON UPDATE NO ACTION
    ON DELETE NO ACTION
    NOT VALID;


ALTER TABLE IF EXISTS public.tagconnection
    ADD CONSTRAINT "Tagconnection(blog_id)_FK_Error" FOREIGN KEY (blog_id)
    REFERENCES public.blog (id) MATCH SIMPLE
    ON UPDATE NO ACTION
    ON DELETE NO ACTION
    NOT VALID;


ALTER TABLE IF EXISTS public.tagconnection
    ADD CONSTRAINT "Tagconnection(recipe_id)_FK_Error" FOREIGN KEY (recipe_id)
    REFERENCES public.recipe (id) MATCH SIMPLE
    ON UPDATE NO ACTION
    ON DELETE NO ACTION
    NOT VALID;

END;

--ЗАПОЛНЯЕМ ТАБЛИЦЫ

-- ----------------------------
-- Records of roles
-- ----------------------------
INSERT INTO "public"."roles" VALUES (1, 'admin', 'Администратор');
INSERT INTO "public"."roles" VALUES (2, 'user', 'Пользователь');

-- ----------------------------
-- Records of users
-- ----------------------------
INSERT INTO "public"."users" VALUES (1, 'admin@lexun.ru', '$2b$04$3k50zids8mjoOvItwP.eFu0T0R0AaPbf3riokDosIbjYW9UAGyb1.', 1, 't', '');
INSERT INTO "public"."users" VALUES (2, 'checkout@lexun.ru', '$2b$04$Wfh8Vc8UBH/RCNoihlY8QuRd/1bEpGGqq3vKwNO6xaWsKwNEqIMX2', 2, 't', '');

-- ----------------------------
-- Records of token
-- ----------------------------
INSERT INTO "public"."token" VALUES (2, 2, '');
INSERT INTO "public"."token" VALUES (1, 1, '');

-- ----------------------------
-- Records of persondata
-- ----------------------------
INSERT INTO "public"."persondata" VALUES (1, 1, 'CRASH', 'users/admin@lexun.ru/719.jpg');
INSERT INTO "public"."persondata" VALUES (2, 2, 'LENA', 'users/checkout@lexun.ru/833.jpg');

-- ----------------------------
-- Records of blog
-- ----------------------------
INSERT INTO "public"."blog" VALUES (1, 1, '2023-09-20', 'Окрошка', 'okroshka', '/blogs/okroshka/photo.jpg', '/blogs/okroshka/preview.jpg', 'Окро́шка — традиционный холодный суп русской кухни, который готовят в весенне-летний период. Обязательными компонентами окрошки являются хлебный (ржаной, ячменный) квас, свежие огурцы, укроп, растёртый с солью зелёный лук, столовая горчица, крутое яйцо и сметана. Ингредиенты окрошки измельчают, крошат, что отражено в названии супа. В переносном смысле слово «окрошка» употребляется в значении «смесь, смешение разнородных понятий и предметов».

Окрошка произошла от примитивных крестьянских кушаний: редьки с луком и квасом, тюри из кваса, лука и сухарей, постепенно к ним стали добавлять другие продукты: огурцы, репу, картофель, яйца, мясо, грибы. Вплоть до начала XIX века окрошку подавали не как первое блюдо, а как закуску: отдельно нарезанные продукты и в специальных кувшинах заправленный квас. Различные овощи и кислый квас в составе окрошки являются хорошими возбудителями аппетита. В. А. Лёвшин в своём труде «Русская поварня» 1816 года определил мясную окрошку в холодные блюда первой подачи и рекомендовал использовать для неё остатки «жареного мяса разного: четвероногих, птиц домовых и диких». Лучше всего для окрошки, по его мнению, подходит индейка, тетерев и поросёнок. Обобранное с костей мясо требовалось мелко покрошить с луком, солёными и свежими огурцами и мякотью солёной сливы, перемешать, «стоптать ложкою» и залить огуречным или сливовым рассолом с уксусом, а когда настоится, при подаче развести квасом. Согласно рецепту В. А. Лёвшина из раздела «Постный стол», рыбную окрошку готовили из остатков разных жареных рыб с отваренной солёной осетриной или белужиной, отварной свёклой и солёными огурцами и приправляли хреном, перцем, маслом и уксусом.

Рецепты современной окрошки классифицируют в зависимости от наборов добавляемых к основе продуктов: мясных, рыбных и грибных. Для мясной окрошки выбирают нежирное мясо, так как в холодном квасе жир застывает и придаёт супу неприятный вкус. Окрошка с отварной говядиной или телятиной называется «мясная», с говядиной, ветчиной и языком — «сборная». Рыбная окрошка с вяленой или копчёной рыбой именуется «кавардак». В овощную окрошку добавляют отварные морковь, картофель и репу. Современная окрошка существует в разных вариациях, и самое главное в хорошо приготовленной окрошке, по утверждению В. В. Похлёбкина, — вкусовое сочетание её ингредиентов между собой, правильное соотношение между ними и жидкостью, обеспечивающее характерный «окрошечный вкус».

В окрошку с морепродуктами идёт варёное мясо морских гребешков и кальмаров, из дичи — мясо рябчиков и куропаток, в грибную — солёные или маринованные грибы с мочёным яблоком, в овощную — цветная капуста, в уральской окрошке свежие огурцы заменяют квашеной капустой. Окрошку гарнируют также докторской колбасой и редисом, что некоторыми экспертами считается грубым отступлением от классической рецептуры. Рыбные окрошки, по сведениям В. В. Похлёбкина, постепенно выходят из употребления как менее вкусные, чем мясные или овощные.

Для окрошки лучше всего подходит квас домашнего приготовления, на ржаном хлебе, который делают менее сладким, чем квас промышленного производства. В. В. Похлёбкин рекомендовал белый квас, более кислый, чем обычный питьевой. Чтобы окрошка не была пресной, квас заправляют яичными желтками, смешанными до однородной массы со сметаной, горчицей, хреном, солью и сахаром. Окрошку также готовят на огуречном или капустном рассоле, кефире, кислом молоке, молочной сыворотке, пахтанье и ацидофилине, кисломолочные продукты разводят кипячёной холодной водой. Перед подачей окрошку обычно посыпают рубленой зеленью укропа, используют охлаждённые тарелки, к супу часто предлагают хрен, редьку и кусочки льда на розетке. Окрошку готовят непосредственно перед сервировкой, постояв даже недолгое время, окрошка, как и многие другие холодные супы, «отмокает» и теряет во вкусе.

Окрошка нашла отражение в русской культуре. В русской народной сказке «Лиса и журавль» Лиса угощала Журавля манной кашей, размазанной по тарелке, а он её в ответ — окрошкой из кувшина с малым горлышком. В «Записках ружейного охотника Оренбуржской губернии» С. Т. Аксакова утверждается, что само мясо журавлей годится в окрошку. Обломов у И. А. Гончарова мечтает о пикниках с самоваром и десертом в берёзовой роще или на коврах между стогами в поле перед обедом с окрошкой и бифштексом.');
INSERT INTO "public"."blog" VALUES (2, 1, '2023-09-20', 'Как правильно питаться', 'kak_pravilno_pitatsya', '/blogs/kak_pravilno_pitatsya/photo.jpg', '/blogs/kak_pravilno_pitatsya/preview.jpg', 'Правильное, здоровое питание не означает скучное меню и отказ от вкусных блюд. Как раз наоборот! Оно подразумевает сбалансированность, которой можно добиться, если есть разные продукты и столько, сколько этого требует организм. Так он сможет получать необходимые питательные вещества, чтобы мы могли быть здоровыми и деятельными. Потому-то никакая еда не является здоровой или нездоровой, полезной или вредной сама по себе. Всё зависит от размера порций и частоты приема пищи. Есть можно всё, но в правильных количествах!

И всё же, многие из нас питаются несбалансированно, не так, как рекомендуется, о чем свидетельствует проведенное в Эстонии исследование пищевого поведения. Не приходится удивляться, что люди не получают достаточного количества питательных веществ.
Здесь можно сравнить между собой две пирамиды.
На одной указаны рекомендуемые пропорции объемов, которые гарантируют сбалансированное питание, а на другой приведен реальный рацион среднего жителя Эстонии.

Чтобы питание было сбалансированным и разнообразным, нужно есть в соответствии с приведенной выше рекомендуемой пирамидой питания. Рекомендуемая пирамида показывает примерное количество продуктов питания, которое следует употреблять в течение одной недели для удовлетворения потребности в питательных веществах. В пирамиде указано пять основных групп продуктов – из каждой из них нужно что-то есть ежедневно. На вершине пирамиды разместилось сладкое и соленое, которое организму для его функционирования не требуется и есть его надо редко, и то в небольших количествах.

Чего следует есть больше, чтобы питание было более сбалансированным:
   - цельнозерновые (хлеб, каши);
   - овощи, в т. ч. бобовые;
   - фрукты и ягоды;
   - блюда из свежей, охлажденной и замороженной рыбы;
   - орехи и семечки.

Чего следует есть меньше:
   - сладкие молочные продукты, такие как йогурты и сырки
   - свинина и говядина (прежде всего изготовленные из них продукты с высоким содержанием насыщенных жирных кислот и соли)
   - сладкие и соленые снеки
   - богатые сахаром прохладительные напитки и соки

В СМИ можно встретить много противоречивой информации о здоровом питании. Нужно просто не давать себя запутывать и помнить, что нет таких суперфудов, гениальных программ питания или волшебных средств, которые были бы эффективны для достижения крепкого здоровья или снижения массы тела в продолжительной перспективе.
Организм должен получать из пищи как достаточное для жизнедеятельности количество энергии, так и все необходимые питательные вещества. Несбалансированное, однообразное питание приводит к дефициту питательных веществ, что самым разным образом отражается на организме и может привести к серьезным заболеваниям.
Одно из последствий несбалансированного питания – проблемы с массой тела: если организм недополучает с пищей нужных ему веществ, он заставляет нас есть больше.

ДЛЯ ТОГО ЧТОБЫ ПИТАНИЕ БЫЛО ЗДОРОВЫМ И СБАЛАНСИРОВАННЫМ:

   1. Нужно есть по мере необходимости

Из пищи наш организм получает необходимые питательные вещества и энергию. Потребность в них зависит от возраста, пола, образа жизни, состояния здоровья и многих других факторов.
Формула проста: нужно есть столько, сколько требует и расходует организм.
Энергия расходуется на базовую активность (дыхание, переваривание пищи, мышление, работу сердца и т.д.), но она нужна и для движения. Например, у подростков потребность в энергии значительнее, чем у людей более старшего возраста; во время беременности и грудного вскармливания повышается потребность в питательных веществах; людям физического труда нужно больше энергии, чем офисным работникам. Средняя дневная потребность в энергии составляет 2000 ккал у женщин и 2600 ккал у мужчин.

   2. Питайтесь сбалансированно

В питании важна не только получаемая энергия, но и то, чтобы она поступала от разных питательных веществ и пропорция этих веществ была сбалансированной. Каждое питательное вещество играет в организме свою важную роль, и разные группы продуктов содержат разные основные вещества, витамины и минералы.
Сегодня многие пытаются, например, сокращать количество потребляемых углеводов, что может стать причиной дефицита некоторых важных питательных веществ.

   3. В меру можно есть всё

Распространено заблуждение, что всё вкусное или вредно, или приводит к ожирению. На самом деле всё не так плохо: есть можно всё, но в правильных количествах и с правильной частотой. Пять основных групп продуктов одинаково важны, но пирамида питания показывает пропорции по их количеству. Нужно проявлять особую осторожность с очень соленым, сладким и жирным, а также с алкоголем.

   4. Питайтесь разнообразно

В разнообразное и сбалансированное меню должны входить продукты из разных групп, но нужно варьировать продукты и внутри групп. Например, разные овощи и фрукты содержат разные и в разных количествах витамины и минералы. Если питаться разнообразно, можно получать нужные питательные вещества, организм будет более здоровым и станет лучше работать.
Очень часто причиной однообразного питания становятся рутина и привычки. Рацион нужно время от времени пересматривать, чтобы всё время не есть одно и то же. Питание может оказаться однообразным и потому, что человек сознательно решил не есть определенных продуктов или они ему не нравятся. В таком случае нужно внимательно следить, чтобы необходимые питательные вещества всё же поступали из других источников.


Что, сколько и когда мы едим, оказывает большое влияние на окружающую среду. Соблюдая рекомендации по питанию, можно значительно снизить негативное воздействие на окружающую среду.

Чтобы снизить воздействие вашего рациона на окружающую среду, придерживайтесь следующих принципов:
   - выбирайте пищу, которая биологически разнообразна, т.е. варьируйте продукты как между пищевыми группами, так и внутри этих групп;
   - выбирайте продукты, которые произведены максимально близко, по возможности местные и сезонные;
   - употребляя мясо, молоко и продукты из них, ограничьтесь количеством, указанным в в рекомендациях по питанию;
старайтесь не тратить продукты попусту и сокращайте количество пищевых отходов;
   - осознанно планируйте, готовьте, храните и потребляйте пищу и помните о более широком влиянии своих привычек.');

-- ----------------------------
-- Records of category
-- ----------------------------
INSERT INTO "public"."category" VALUES (1, 1, 'Напитки', '/category/napitki/photo.jpg', '/category/napitki/bg.jpg', 'napitki');
INSERT INTO "public"."category" VALUES (2, 1, 'Салаты', '/category/salaty/photo.jpg', '/category/salaty/bg.jpg', 'salaty');
INSERT INTO "public"."category" VALUES (3, 1, 'Супы', '/category/supy/photo.jpg', '/category/supy/bg.jpg', 'supy');
INSERT INTO "public"."category" VALUES (4, 1, 'Выпечка', '/category/vypechka/photo.jpg', '/category/vypechka/bg.jpg', 'vypechka');
INSERT INTO "public"."category" VALUES (5, 1, 'Рыбные блюда', '/category/rybnye_blyuda/photo.jpg', '/category/rybnye_blyuda/bg.jpg', 'rybnye_blyuda');
INSERT INTO "public"."category" VALUES (6, 1, 'С овощами', '/category/s_ovoschami/photo.jpg', '/category/s_ovoschami/bg.jpg', 's_ovoschami');
INSERT INTO "public"."category" VALUES (7, 1, 'Каши', '/category/kashi/photo.jpg', '/category/kashi/bg.jpg', 'kashi');
INSERT INTO "public"."category" VALUES (8, 1, 'Десерт', '/category/desert/photo.jpg', '/category/desert/bg.jpg', 'desert');
INSERT INTO "public"."category" VALUES (9, 1, 'Спагетти', '/category/spagetti/photo.jpg', '/category/spagetti/bg.jpg', 'spagetti');


-- ----------------------------
-- Records of phrase
-- ----------------------------
INSERT INTO "public"."phrase" VALUES (7, 1, 'Для хорошего повара годится всё, кроме луны и её отражения в воде.--Китайская поговорка');
INSERT INTO "public"."phrase" VALUES (3, 1, 'На голодный желудок русский человек ничего делать и думать не хочет, а на сытый — не может.--Фаина Раневская');
INSERT INTO "public"."phrase" VALUES (10, 1, 'Война войной, а обед — по расписанию.--Фридрих Вильгельм Первый');
INSERT INTO "public"."phrase" VALUES (11, 1, 'Еда — это то, чем богач всегда может поделится с бедняком, а аппетит — это то, чем бедняк всегда может поделится с богачом.--Бауржан Тойшибеков');
INSERT INTO "public"."phrase" VALUES (12, 1, 'Счастье даёт роскошный стол, благоразумие же — достаточный.--Демокрит');
INSERT INTO "public"."phrase" VALUES (13, 1, 'Кулинарное искусство — это тоже искусство компромисса.--Рената Шуман-Фикус');
INSERT INTO "public"."phrase" VALUES (14, 1, 'За тучными коровами следуют тощие, за тощими — полное отсутствие говядины.--Генрих Гейне');
INSERT INTO "public"."phrase" VALUES (15, 1, 'Если хочешь продлить свою жизнь, укороти свои трапезы.--Бенджамин Франклин');
INSERT INTO "public"."phrase" VALUES (16, 1, 'Кто спит, тот обедает.--Французская поговорка');
INSERT INTO "public"."phrase" VALUES (17, 1, 'Терперь не могу людей, которые несерьёзно относятся к вопросам принятия пищи. Это пустые люди.--Оскар Уайльд');
INSERT INTO "public"."phrase" VALUES (18, 1, 'Пустые макароны имеют один и тот же вкус; сорта отличаются соусом.--Эрик Бёрн');
INSERT INTO "public"."phrase" VALUES (19, 1, 'Хорошая кастрюля — хороший обед.--Французская пословица');
INSERT INTO "public"."phrase" VALUES (20, 1, 'Человек не может хорошо думать, хорошо любить, хорошо спать, если до этого хорошо не поужинал.--Вирджиния Вульф');
INSERT INTO "public"."phrase" VALUES (21, 1, 'Кулинария — как любовь: в неё либо нужно окунутся с головой, либо вообще не погружаться.--Гарриет ван Хорн');
INSERT INTO "public"."phrase" VALUES (22, 1, 'Аппетит приходит во время еды.--Франсуа Рабле');
INSERT INTO "public"."phrase" VALUES (23, 1, 'Голод укрощает даже львов.--Даниель Дефо');
INSERT INTO "public"."phrase" VALUES (24, 1, 'Чем наполнена посуда, то и выльется оттуда.--Шота Руставели');
INSERT INTO "public"."phrase" VALUES (25, 1, 'Секрет молодости заключается в том, что жить честно, есть медленно и лгать о своём возрасте.--Люсиль Болл');
INSERT INTO "public"."phrase" VALUES (26, 1, 'Хороший повар — это много характера и чувства.--Эмиль Юн');
INSERT INTO "public"."phrase" VALUES (27, 1, 'Между хорошим обедом и долгой жизнью только та разница, что за обедом сладкое подают в конце.--Роберт Льюис Стивенсон');
INSERT INTO "public"."phrase" VALUES (1, 1, 'Кому голодно, тому холодно');
INSERT INTO "public"."phrase" VALUES (28, 1, 'Нет любви более искренней, чем любовь к еде.--Джордж Бернард Шоу');
INSERT INTO "public"."phrase" VALUES (29, 1, 'Счастье — это хороший счёт в банке, хороший повар и хорошее пищеварение.--Жан-Жак Руссо');
INSERT INTO "public"."phrase" VALUES (30, 1, 'Баснями желудка не наполнить.--Эразм Роттердамский');
INSERT INTO "public"."phrase" VALUES (31, 1, 'Проба пирога — в его поглощении.--Мигель де Сервантес Сааведра');
INSERT INTO "public"."phrase" VALUES (32, 1, 'Говорят, пальцы появились раньше вилок, а руки — раньше ножей.--Джонатан Свифт');
INSERT INTO "public"."phrase" VALUES (33, 1, 'Я бы не ссорился со своим бутербродом.--Джонатан Свифт');
INSERT INTO "public"."phrase" VALUES (34, 1, 'Человек редко думает о чём-нибудь с большей серьёзностью, чем о своё обеде.--Семюэл Джонсон');
INSERT INTO "public"."phrase" VALUES (35, 1, 'Пока есть чай — есть надежда.--Сэр Артур Уинг Пинеро');
INSERT INTO "public"."phrase" VALUES (36, 1, 'Плохо, если жена умеет готовить, но не хочет; ещё хуже, если она не умеет, но хочет.--Роберт Фрост');
INSERT INTO "public"."phrase" VALUES (37, 1, 'Много есть вредно, а мало — скучно.--Юрий Карабчиевский');
INSERT INTO "public"."phrase" VALUES (38, 1, 'Чтобы по-настоящему похудеть, достаточно отказаться от трёх вещей — завтрака, обеда и ужина.--Франк Ллойд Райт');
INSERT INTO "public"."phrase" VALUES (39, 1, 'Встреча за чаем — та же "встреча чувств".--Ясунари Кавабата');
INSERT INTO "public"."phrase" VALUES (40, 1, 'Обжорство, слава богу, не тайный порок.--Орсон Уэллс');
INSERT INTO "public"."phrase" VALUES (41, 1, 'За обедом ешь мало, а за ужином ещё меньше, ибо здоровье всего тела куётся в кузнице нашего желудка.--Мигель де Сервантес Сааведра');
INSERT INTO "public"."phrase" VALUES (42, 1, 'Когда человек мало ест, он беспокоится о фигуре. Ну или просто не может кушать много!.--Франсуа де Ларошфуко');
INSERT INTO "public"."phrase" VALUES (43, 1, 'Чай — напиток не простой. Когда чаепитие становится ритуалом, оно развивает умение видеть великое в мелочах.--Мюриэль Барбери');
INSERT INTO "public"."phrase" VALUES (9, 1, 'Не откладывай до ужина то, что можешь съесть за обедом.--А.С. Пушкин');
INSERT INTO "public"."phrase" VALUES (6, 1, 'Милочка, если хотите похудеть, ешьте голой и перед зеркалом.--Фаина Раневская');
INSERT INTO "public"."phrase" VALUES (8, 1, 'Эх, диеты! Ни то нельзя, ни это!.--Народный фольклор');
INSERT INTO "public"."phrase" VALUES (5, 1, 'Животных, которых мало, занесли в Красную книгу, а которых много — в Книгу о вкусной и здоровой пище.--Фаина Раневская');
INSERT INTO "public"."phrase" VALUES (4, 1, 'Всем, что вы видите, я обязана спагетти.--Софи Лорен');
INSERT INTO "public"."phrase" VALUES (2, 1, 'Не делайте из еды культа!.--Илья Ильф и Евгений Петров');
INSERT INTO "public"."phrase" VALUES (44, 1, 'Чтобы быть здоровым и спортивным, нужно побольше спать, получше кушать и забыть про тренировки.--Уинстон Черчилль');
INSERT INTO "public"."phrase" VALUES (74, 1, 'Мясо, в сущности, всего лишь предлог, чтобы поесть овощей.--Айрис Мёрдок');
INSERT INTO "public"."phrase" VALUES (76, 1, 'Чем тоньше талия, тем длиннее жизнь.--Французская поговорка');
INSERT INTO "public"."phrase" VALUES (78, 1, 'Лучшая приправа к пище — голод. Оноре де Бальзак');
INSERT INTO "public"."phrase" VALUES (80, 1, 'Если хочешь сохранить молодость, то обязательно ешь мёд.--Парацельс');
INSERT INTO "public"."phrase" VALUES (82, 1, 'В еще не будь до всякой пищи падок,
Знай точно время, место и порядок.--Авиценна');
INSERT INTO "public"."phrase" VALUES (84, 1, 'Обеденный этикет, вероятно, придумали люди, не знавшие чувства голода.--Дельфина де Жирарден');
INSERT INTO "public"."phrase" VALUES (86, 1, 'Приручайте аппетит подчинятся разуму охотно.--Плутарх');
INSERT INTO "public"."phrase" VALUES (88, 1, 'Полноценное питание не нуждается в пищевых добавках.--Константин Кушнер');
INSERT INTO "public"."phrase" VALUES (90, 1, 'Человек ест для своего удовольствия, а одевается — для чужой потехи.--Бенджамин Франклин');
INSERT INTO "public"."phrase" VALUES (92, 1, 'Чем меньше варенья, тем больше его хвалят.--"Правило Пуанкаре"');
INSERT INTO "public"."phrase" VALUES (94, 1, 'Чем твёрже масло, тем мягче хлеб.--"Правило Тиссена"');
INSERT INTO "public"."phrase" VALUES (96, 1, 'Одно и то же блюдо никогда не бывает одно и то же.--Ален Лобро');
INSERT INTO "public"."phrase" VALUES (98, 1, 'Иному лучше курица в тарелке, чем журавль в небе.--Константин Кушнер');
INSERT INTO "public"."phrase" VALUES (100, 1, 'Надо следить за своей фигурой. Знаете, что мне в этом помогает? К дверце холодильника я приклеила фото Элизабет Тейлор.--Элизабет Тейлор');
INSERT INTO "public"."phrase" VALUES (102, 1, 'Женщины садятся на диету только в трёх случаях: если их бросил муж, если им нравится мужчина, если сегодня понедельник.--Екатерина Филимонова');
INSERT INTO "public"."phrase" VALUES (104, 1, 'За сладкое приходится горько расплачиваться.--Леонардо да Винчи');
INSERT INTO "public"."phrase" VALUES (106, 1, 'Никто не должен преступать меру ни в пище, ни в питании.--Пифагор');
INSERT INTO "public"."phrase" VALUES (107, 1, 'Ничто так не разделяет людей, как вкус, и не объединяет, как аппетит.--Борис Крутиер');
INSERT INTO "public"."phrase" VALUES (108, 1, 'Обильная еда вредит телу так же, как изобилие воды вредит посеву.--Абу-ль-Фарадж');
INSERT INTO "public"."phrase" VALUES (109, 1, 'Нет шоколада — нет завтрака!--Чарльз Диккенс');
INSERT INTO "public"."phrase" VALUES (110, 1, 'Самое вкусное мясо не похоже на мясо, а самая вкусная рыба не похожа на рыбу.--Филоксен');
INSERT INTO "public"."phrase" VALUES (111, 1, 'Есть и пить нужно столько, чтобы наши силы этим восстанавливались, а не подавлялись.--Марк Тулий Цицерон');
INSERT INTO "public"."phrase" VALUES (112, 1, 'Без соли, без хлеба худая беседа.--Русская пословица');
INSERT INTO "public"."phrase" VALUES (113, 1, 'Некий римлянин, пообедав в одиночестве, сказал: "Сегодня я поел, но не пообедал".--Плутарх');
INSERT INTO "public"."phrase" VALUES (114, 1, 'Чтобы мыслить, надо есть — некуда не денешься! Да, но зато сколько разных мыслей может произвести на свет один и тот же кусок хлеба!--Пьер Тейян де Шарден');
INSERT INTO "public"."phrase" VALUES (115, 1, 'Все печали терпимы, если есть хлеб.--Мигель де Сервантес Сааведра');
INSERT INTO "public"."phrase" VALUES (116, 1, 'Воздержанность в еде рождена или заботой о здоровье, или неспособностью много съесть.--Франсуа де Ларошфуко');
INSERT INTO "public"."phrase" VALUES (117, 1, 'Шоколад был моей единственной любовью, и он меня ни разу не предал.--Одри Хепберн');
INSERT INTO "public"."phrase" VALUES (118, 1, 'Чтобы мы видели сколько мы переедаем, наш живот расположен на той же стороне, что и глаза.--Фаина Раневская');
INSERT INTO "public"."phrase" VALUES (119, 1, 'Настоящую даму легко узнать: она ничего не ест.--Маргарет Митчелл');
INSERT INTO "public"."phrase" VALUES (120, 1, 'Я не люблю еду, которая даёт о себе знать после того, как вы её съели.--Коко Шанель');
INSERT INTO "public"."phrase" VALUES (121, 1, 'Всё красивое должно быть съедобно!--Сальвадор Дали');
INSERT INTO "public"."phrase" VALUES (122, 1, 'Полный желудок равен хорошему настроению, а пустой — унынию и ссорам.--Джоан Роулинг');
INSERT INTO "public"."phrase" VALUES (123, 1, 'Вкусный завтрак — отдельный праздник в жизни.--Харуки Мураками');
INSERT INTO "public"."phrase" VALUES (124, 1, 'Во мне постоянно борются два желания, причём одновременно — похудеть и поесть. Чаще побеждает последнее.--Эльчин Сафарли');
INSERT INTO "public"."phrase" VALUES (125, 1, 'Всё остальное — это просто еда. А шоколад — это шоколад.--Патрик Скин Кэтлинг');
INSERT INTO "public"."phrase" VALUES (126, 1, 'Вы должны любить то, что едите, или любить человека, которому готовите. Приготовление еды — это акт любви.--Ален Шапель');
INSERT INTO "public"."phrase" VALUES (127, 1, 'Поглощение пищи без удовольствия превращается в скучное питание.--Леонардо да Винчи');
INSERT INTO "public"."phrase" VALUES (128, 1, 'Тело — багаж, который несёшь всю жизнь. Чем от тяжелее, тем короче путешествие.--Арнолд Глазкоу');
INSERT INTO "public"."phrase" VALUES (129, 1, 'Я предпочитаю есть то, у чего нет глаз. Глаза — это душа, а то, в чём есть душа, вряд ли может быть полезно для тела.--Жан-Клод Ван Дамм');
INSERT INTO "public"."phrase" VALUES (130, 1, 'Не лучшая привычка — есть по ночам. Зато проверенное средство от грустных мыслей.--Олег Рой');
INSERT INTO "public"."phrase" VALUES (131, 1, 'Если первобытные люди часто гибли от недостатка пищи, то мы гибнем теперь от её изобилия.--Тит Лукреций Кар');
INSERT INTO "public"."phrase" VALUES (45, 1, 'Когда в жизни случается что-то плохое, я устраиваю приздник для своего живота. Любимая еда и изысканные напитки — вот моё спасение.--Оскар Уайльд');
INSERT INTO "public"."phrase" VALUES (46, 1, 'Рыба, чтобы стать вкусной, должна поплавать трижды: в воде, в масле и в вине.--Хорватская пословица');
INSERT INTO "public"."phrase" VALUES (47, 1, 'У итальянца в голове только две мысли; вторая — это спагетти.--Катрин Денев');
INSERT INTO "public"."phrase" VALUES (48, 1, 'Если у тебя есть деньги, то ешь плов, если у тебя нет денег, то ешь только плов.--Узбекская пословица');
INSERT INTO "public"."phrase" VALUES (49, 1, 'Избыток пищи мешает тонкости ума.--Сенека');
INSERT INTO "public"."phrase" VALUES (50, 1, 'Любовь и голод правят миром.--Фридрих Шиллер');
INSERT INTO "public"."phrase" VALUES (51, 1, 'Человек есть то, что он ест.--Людвиг Фейербах');
INSERT INTO "public"."phrase" VALUES (52, 1, 'Встав из-за стола голодным, вы наелись; если вы встаёте наевшись — вы переели; если встаёте переевши — вы отравились.--Антон Павлович Чехов');
INSERT INTO "public"."phrase" VALUES (53, 1, 'Если человек не выпил чая, он не способен воспринимать истину и красоту.--Японская поговорка');
INSERT INTO "public"."phrase" VALUES (54, 1, 'Стол — единственное место, где люди не скучают с первой же минуты.--Жан Антельм Брилья-Саварен');
INSERT INTO "public"."phrase" VALUES (55, 1, 'Раз мы осуждены на то, чтобы есть, будем есть хорошо.--Жан Антельм Брилья-Саварен');
INSERT INTO "public"."phrase" VALUES (56, 1, 'Самый вкусный кофе — тот, который пьёшь в пути.--Макс Фрай');
INSERT INTO "public"."phrase" VALUES (57, 1, 'Где блины, там и мы, где с маслом каша, там и место наше.--Русская пословица');
INSERT INTO "public"."phrase" VALUES (58, 1, 'Если в стране нет по меньше мере пятидесяти сортов сыра и хорошего вина, значит, страна дошла до ручки.--Сальвадор Дали');
INSERT INTO "public"."phrase" VALUES (59, 1, 'Кто торопливо ест и пьёт, на свете долго не живёт.--Чешская пословица');
INSERT INTO "public"."phrase" VALUES (60, 1, 'Мечут в тебя камнем, метни в ответ едой.--Башкирская поговорка');
INSERT INTO "public"."phrase" VALUES (61, 1, 'Хочешь меня узнать, поешь со мной.--Джеймс Джойс');
INSERT INTO "public"."phrase" VALUES (62, 1, 'Вам надо больше есть плотной пищи. Вы сразу станете другим человеком.--Джеймс Джойс');
INSERT INTO "public"."phrase" VALUES (63, 1, 'Для нормального япоца нет ничего ужаснее, чем рис, потерявший свою белизну.--Харуки Мураками');
INSERT INTO "public"."phrase" VALUES (64, 1, 'Разумеется, лучшая английская кухня — это просто французская кухня.--Джордж Оруэлл');
INSERT INTO "public"."phrase" VALUES (65, 1, 'Соус скрывает тысячу грехов.--Старинная поварская поговорка');
INSERT INTO "public"."phrase" VALUES (66, 1, 'Три самых вкусных запаха? Запах горячего кофе, свежей выечки и страниц новой книги.--Надея Ясминска');
INSERT INTO "public"."phrase" VALUES (67, 1, 'Только глупцы — не гурманы.--Нормандская мудрость');
INSERT INTO "public"."phrase" VALUES (68, 1, 'Нет ничего тяжелее пустого желудка.--Малагассийское изречение');
INSERT INTO "public"."phrase" VALUES (69, 1, 'Лунная ночь и варёный рис всегда бывают кстати.--Японское изречение');
INSERT INTO "public"."phrase" VALUES (70, 1, 'Всё, что мне в жизни нравится, либо аморально, либо от этого полнеют.--Франсуа де Ларошфуко');
INSERT INTO "public"."phrase" VALUES (71, 1, 'Запахло свежемолотыми зёрнами — аромат, отделяющий день от ночи.--Харуки Мураками');
INSERT INTO "public"."phrase" VALUES (72, 1, 'Сыр помогает переварить всё, кроме самого себя.--Джеймс Джойс');
INSERT INTO "public"."phrase" VALUES (73, 1, 'Тщательно пережёвывая пищу, ты помогаешь обществу.--Илья Ильф и Евгений Петров');
INSERT INTO "public"."phrase" VALUES (75, 1, 'Есть вещи, которые стоят того, чтобы им хранили верность. Например, кофе.--Джон Голсуорси');
INSERT INTO "public"."phrase" VALUES (77, 1, 'Наесться с утра — значит плохо начать день.--Айрис Мёрдок');
INSERT INTO "public"."phrase" VALUES (79, 1, 'Завтракать надо как королю, обедать — как лорду, ужинать — как нищему.--Английская поговорка');
INSERT INTO "public"."phrase" VALUES (81, 1, 'Умеренность в жизни похожа на воздержанность в еде: съел бы ещё, да страшно заболеть.--Авиценна');
INSERT INTO "public"."phrase" VALUES (83, 1, 'Не ужинать — святой закон, кому всего дороже лёгкий сон.--Александр Сергеевич Пушкин');
INSERT INTO "public"."phrase" VALUES (85, 1, 'Голодная армия — страшная сила.--Константин Кушнер');
INSERT INTO "public"."phrase" VALUES (87, 1, 'Лучше время от времени недоедать, чем постоянно переедать.--Абу-ль-Фарадж');
INSERT INTO "public"."phrase" VALUES (89, 1, 'Что бы ты не говорил голодному, он будет слышать лишь урчание своего пустого желудка.--Бауржан Тойшибеков');
INSERT INTO "public"."phrase" VALUES (91, 1, 'Аппетит приходит во время еды, но не уходит во время голода.--Станислав Ежи Лец');
INSERT INTO "public"."phrase" VALUES (93, 1, 'Первое правило диетологии: если это вкусно, значит, это вредно для вас.--Айзек Азимов');
INSERT INTO "public"."phrase" VALUES (95, 1, 'Друг познаётся в еде.--Константин Кушнер');
INSERT INTO "public"."phrase" VALUES (97, 1, 'Еда — существенная часть сбалансированной диеты.--Франц Лебовиц');
INSERT INTO "public"."phrase" VALUES (99, 1, 'Не корми словами вместо хлеба.--Аристофан');
INSERT INTO "public"."phrase" VALUES (101, 1, 'Никогда не ешьте больше, чем сможете поднять.--Генри Берд');
INSERT INTO "public"."phrase" VALUES (103, 1, 'Нужно есть, чтобы жить, а не жить чтобы есть.--Сократ');
INSERT INTO "public"."phrase" VALUES (105, 1, 'Великие люди всегда были воздержанными в еде.--Оноре де Бальзак');
INSERT INTO "public"."phrase" VALUES (132, 1, 'Разве не разумнее хранить запасы на лишнюю неделю в холодильнике, а не таскать их на себе?!--Аллен Карр');
INSERT INTO "public"."phrase" VALUES (133, 1, 'Умеренный в еде — сам себе доктор.--Латинская пословица');
INSERT INTO "public"."phrase" VALUES (134, 1, 'Вкус пищи узнают, когда она во рту.--Японская пословица');
INSERT INTO "public"."phrase" VALUES (135, 1, 'Сытый человек миролюбив — его можно брать голыми руками.--Михаил Веллер');
INSERT INTO "public"."phrase" VALUES (136, 1, 'Потребность в пище сильнее любви.--Японская пословица');
INSERT INTO "public"."phrase" VALUES (137, 1, 'Говори правду, пей чистую воду, ешь варёную пищу.--Немецкая пословица');
INSERT INTO "public"."phrase" VALUES (138, 1, 'Можешь и не заметить, как обеденный стол займёт в сознании место алтаря.--Франтишек Крышка');
INSERT INTO "public"."phrase" VALUES (139, 1, 'Человек не будет наслаждаться едой и питьём, если не перестрадает от голода и жажды.--Аврелий Августин Блаженный');
INSERT INTO "public"."phrase" VALUES (140, 1, 'Нет ничего хуже остывшей еды, кроме еды разогретой.--Французская пословица');
INSERT INTO "public"."phrase" VALUES (141, 1, 'В первоклассном супе гораздо больше искусства, чем во второсортной живописи.--Абрахам Маслоу');
INSERT INTO "public"."phrase" VALUES (142, 1, 'Чем больше еды, тем больше болезней.--Бенджамин Франклин');
INSERT INTO "public"."phrase" VALUES (143, 1, 'Голод ослабевает, обессиливает и убивает человека. Тяжёлая пища разрушает организм человека. Поэтому нужно искать середину.--Гиппократ');
INSERT INTO "public"."phrase" VALUES (144, 1, 'Нет на свете человека более мужественного, чем тот, кто может остановится, съев один земляной орешек.--Чаннинг Поллок');
INSERT INTO "public"."phrase" VALUES (145, 1, 'Не было бы ничего более утомительного, чем есть и пить, если бы Господь не сделал это для нас необходимостью и удовольствием одновременно.--Вольтер');
INSERT INTO "public"."phrase" VALUES (146, 1, 'Каждый повар свой борщ хвалит.--Американская поговорка');
INSERT INTO "public"."phrase" VALUES (147, 1, 'С итальянской едой одна неприятность: через пять-шесть дней снова хочется есть.--Джордж Миллер');
INSERT INTO "public"."phrase" VALUES (148, 1, 'Вы, прародители рода человеческого, погубившие себя ради яблока, чего бы вы не сделали за индейку с трюфелями?--Жан Антельм Брилья-Саварен');
INSERT INTO "public"."phrase" VALUES (149, 1, 'Омлет не может быть "неплохим".--Французская поговорка');
INSERT INTO "public"."phrase" VALUES (150, 1, 'Единственное, что до сих пор мне удавалось сделать на кухне, — это бардак и несколько мелких пожаров.--Кинофильм "Секс в большом городе"');
INSERT INTO "public"."phrase" VALUES (151, 1, 'Женщины едят за разговорами, мужчины разговаривают за едой.--Малькольм де Шазаль');
INSERT INTO "public"."phrase" VALUES (152, 1, 'Готовить может каждый.--Мультипликационный фильм "Рататуй"');
INSERT INTO "public"."phrase" VALUES (153, 1, 'Кулинария — уникальное искусство, в котором усердие стоит больше таланта.--Петр Вайль');
INSERT INTO "public"."phrase" VALUES (154, 1, 'Голод и ярость обычно сопутствуют друг другу.--Джек Лондон');
INSERT INTO "public"."phrase" VALUES (155, 1, 'Когда говорят о еде, только невежественные и нездоровые люди не проявляют к ней должного интереса.--Лаура Эскивель');
INSERT INTO "public"."phrase" VALUES (156, 1, 'Что позволяет мне поддерживать великолепную форму? Вода. Сон. И любовь.--Катрин Денев');
INSERT INTO "public"."phrase" VALUES (157, 1, 'Высокое кулинарное искусство — это единственная способность человека, о которой нельзя сказать ничего дурного.--Фридрих Дюрренматт');
INSERT INTO "public"."phrase" VALUES (158, 1, 'Женские формы — понятие растяжимое.--Валентин Домиль');
INSERT INTO "public"."phrase" VALUES (159, 1, 'Жизнь слишком коротка, чтобы фаршировать грибы.--Ширли Конран');
INSERT INTO "public"."phrase" VALUES (160, 1, 'Открытие нового блюда важнее для счастья человечества, чем открытие новой звезды.--Жан Антельм Брилья-Саварен');
INSERT INTO "public"."phrase" VALUES (161, 1, 'Диета — ещё одно средство, улучшающее аппетит.--Эван Эсар');
INSERT INTO "public"."phrase" VALUES (162, 1, 'Повар мыслит порциями.--Эмиль Кроткий');
INSERT INTO "public"."phrase" VALUES (163, 1, 'Вода, потребляемая в умеренном количестве, ещё никому не повредила.--Марк Твен');
INSERT INTO "public"."phrase" VALUES (164, 1, 'Самый печальный напиток — чашка слабого чая.--Кэтрин Менсфилд');
INSERT INTO "public"."phrase" VALUES (165, 1, 'В предварительной обработке продукта заложена половина поварского успеха.--Мари-Антуан Карем');
INSERT INTO "public"."phrase" VALUES (166, 1, 'Печаль делает чай вкуснее.--Кобо Абэ');
INSERT INTO "public"."phrase" VALUES (167, 1, 'Люди дурные живут для того, чтобы есть и пить, люди добродетельные едят и пьют для того, чтобы жить.--Сократ');
INSERT INTO "public"."phrase" VALUES (168, 1, 'Чаепитие обладает редким достоинством: вносить в наше абсурдное существование частицу спокойной гармонии.--Мюриэль Барбери');
INSERT INTO "public"."phrase" VALUES (169, 1, 'Хороших диет не бывает.--Надин де Ротшильд');
INSERT INTO "public"."phrase" VALUES (170, 1, 'Кофе делает нас жёстче, скептичнее и настраивает на философский лад.--Джонатан Свифт');
INSERT INTO "public"."phrase" VALUES (171, 1, 'Ни одного приёма пищи без сыра!
Nulla caena sine caseum!--Латинский афоризм');
INSERT INTO "public"."phrase" VALUES (172, 1, 'Чтобы хорошо жить, надо хорошо есть.--Гордон Рамзи');
INSERT INTO "public"."phrase" VALUES (173, 1, 'Искуссный повар — не тот, у кого на кухне множество приправ, а тот, кто не добавит в блюдо ничего лишнего.--Вадим Синявский');
INSERT INTO "public"."phrase" VALUES (174, 1, 'Диета — научно разработанная программа борьбы мозга с желудком, заведомо обречённая на провал.--Илья Герчиков');
INSERT INTO "public"."phrase" VALUES (175, 1, 'Обед богача есть надругательство над голодом нищего.--Пьер Буаст');
INSERT INTO "public"."phrase" VALUES (176, 1, 'Знать о еде человек должен не меньше, чем о математике или о своём родном языке.--Гордон Рамзи');
INSERT INTO "public"."phrase" VALUES (177, 1, 'Если долго сидеть на диете, можно слечь.--Валентин Домиль');
INSERT INTO "public"."phrase" VALUES (178, 1, 'Ничто так не притупляет голод, как жажда.--Семён Альтов');
INSERT INTO "public"."phrase" VALUES (179, 1, 'Когда приходит время ужина, обнажается истинная сущность человека.--Марк Твен');
INSERT INTO "public"."phrase" VALUES (180, 1, 'Лишние килограммы откладываются там, где они всего заметнее.--Морин Мерфи');
INSERT INTO "public"."phrase" VALUES (181, 1, 'Диета — период голодовки, предшествующий росту веса.--Ядвига Рутковская');
INSERT INTO "public"."phrase" VALUES (182, 1, 'Если хочешь похудеть, ешь всё, но ничего не глотай.--Гарри Сиком');
INSERT INTO "public"."phrase" VALUES (183, 1, 'Счастье живёт на кухне.--Поль Бокюз');
INSERT INTO "public"."phrase" VALUES (184, 1, 'Кулинария — это вопрос времени. В общем и целом, чем больше времени, тем лучше результат.--Джон Эрскин');
INSERT INTO "public"."phrase" VALUES (185, 1, 'Японская кухня — вот идеальная пища для балерины.--Майя Плисецкая');
INSERT INTO "public"."phrase" VALUES (186, 1, 'Здоровье гораздо более зависит от наших привычек и питания, чем от врачебного искусства.--Джон Леббок');


-- ----------------------------
-- Records of recipe
-- ----------------------------
INSERT INTO "public"."recipe" VALUES (1, 1, 4, '2023-9-18', 'Ватрушки без муки', 'vatrushki_bez_muki', '/recipe/vatrushki_bez_muki/photo.jpg', '/recipe/vatrushki_bez_muki/preview.jpg', '', 'Яйцо разделить на белок и желток, в 200г творога добавить белок, сахзам, отруби и хорошо перемешать. Уложить пергамент на противень, выложить творожные шарики с углублением внутри и поставить в горячу духовку на 10 минут и 180 градусов. Для начинки в творог добавить желток, ванилин и мёд, перемешать. Достать из духовки ватрушки, добавить начинку и снова отправить на 10 минут');
INSERT INTO "public"."recipe" VALUES (2, 1, 4, '2023-9-18', 'Овсяный пирог', 'ovsyanyy_pirog', '/recipe/ovsyanyy_pirog/photo.jpg', '/recipe/ovsyanyy_pirog/preview.jpg', '', 'Половину овсяных хлопьев смолоть смешать с оставшимися овсяными хлопьями и содой, половину яблока натереть на тёрке, соединить ингредиенты, хорошо перемешать в конце добавить вторую половину яблока, нарезанную мелкими кубиками, выложить массу в форму, застеленной пергаментом и поставить в разогретую до 180° духовку на 20 минут (смотрите по своей духовке, можно добавить ещё 5 минут), достать и остудить.');
INSERT INTO "public"."recipe" VALUES (3, 1, 4, '2023-9-18', 'Кексы с изюмом', 'keksy_s_izyumom', '/recipe/keksy_s_izyumom/photo.jpg', '/recipe/keksy_s_izyumom/preview.jpg', '', 'Яйца взбить с сахзамом, овсяные хлопья смолоть в муку, смешать все ингредиенты (изюм предварительно промыть и просушить), разложить в силиконовые формы на две третьих и выпекать в духовке при 190° 20 минут');
INSERT INTO "public"."recipe" VALUES (8, 1, 4, '2023-9-19', 'Белые кексы', 'belye_keksy', '/recipe/belye_keksy/photo.jpg', '/recipe/belye_keksy/preview.jpg', '', 'Отделяем белок от желтка и взбиваем его до пиков. Смешиваем остальные ингредиенты и аккуратно соединяем со взбитым белком
Тесто распределяем по формам, отправляем в горячую духовку 180° на 25 минут');
INSERT INTO "public"."recipe" VALUES (4, 1, 4, '2023-9-19', 'Овсяные оладьи', 'ovsyanye_oladi', '/recipe/ovsyanye_oladi/photo.jpg', '/recipe/ovsyanye_oladi/preview.jpg', '', 'Банан размять, яичный белок взбить миксером с щепоткой соли, овсяные хлопья смолоть в грубую муку, смешать все ингредиенты, белок аккуратно добавить в самом конце
Противень застелить силиконовым ковриком и поставить в разогретую до 190° духовку на 20 минут');
INSERT INTO "public"."recipe" VALUES (5, 1, 4, '2023-9-19', 'Сырники в духовке', 'syrniki_v_duhovke', '/recipe/syrniki_v_duhovke/photo.jpg', '/recipe/syrniki_v_duhovke/preview.jpg', '', 'Яйца разделить на белки и желтки, творог смешать желтками, изюм промыть и обсушить, кокосовую стружку перемолоть в муку, смешать все ингредиенты.
Белки взбить миксером в плотную пену и аккуратно в мешать их в массу движениями сверху вниз, разложить в силиконовые формы и поставить в разогретую до 190° духовку на 20 минут оставить сырники в духовке после её выключения на 10 минут');
INSERT INTO "public"."recipe" VALUES (6, 1, 4, '2023-9-19', 'Кокосовый маффин', 'kokosovyy_maffin', '/recipe/kokosovyy_maffin/photo.jpg', '/recipe/kokosovyy_maffin/preview.jpg', '', 'Яйца разделить на белок и желток. Взбить миксером белок с подсластителем и очень маленькой щепоткой и соли до крепких пиков. Добавить желток и снова взбить, добавить творог и рикотту, взбить. Добавить желток и снова взбить. В отдельной миске смешать муку, разрыхлитель и кокосовую стружку. Миндаль измельчить в кофемолке не очень мелко, добавить к общей массе, перемешать и разложить по силиконовым формам. Поставить разогретую духовку на 180° и 25 минут. Чтобы верх не подгорел, через 20 минут накрыть маффины фольгой');
INSERT INTO "public"."recipe" VALUES (7, 1, 4, '2023-9-19', 'Овощной омлет', 'ovoschnoy_omlet', '/recipe/ovoschnoy_omlet/photo.jpg', '/recipe/ovoschnoy_omlet/preview.jpg', '', 'Брокколи сварить в кипящей воде 4 минуты и откинуть на дуршлаг, лук измельчить, морковь натереть на крупной тёрке и обжарить на сковороде с оливковым маслом. Форму для запекания смазать маслом, на дно выложить лук и морковь, а сверху брокколи.
Яйца взбить с молоком венчиком, посолить, поперчить, залить массой и посыпать тертым сыром.
Выпекать 45 минут на 180 градусов.');
INSERT INTO "public"."recipe" VALUES (10, 1, 4, '2023-9-19', 'Сладкие трубочки', 'sladkie_trubochki', '/recipe/sladkie_trubochki/photo.jpg', '/recipe/sladkie_trubochki/preview.jpg', '', 'Разогреваем духовку до 180°
Творог смешиваем с белком и подсластителем, лучше пробить блендером (желток оставляем, смажем им рулет сверху для красивой корочки)
Творог выкладываем на лаваш равномерным слоем, сверху ягоды и сворачиваем в рулет, сверху смазываем желтком
Отправляем в духовку на 20 минут');
INSERT INTO "public"."recipe" VALUES (11, 1, 4, '2023-9-19', 'Кокосовые пышки', 'kokosovye_pyshki', '/recipe/kokosovye_pyshki/photo.jpg', '/recipe/kokosovye_pyshki/preview.jpg', '', 'Смешиваем все ингредиенты
Формируем круглешки и выпекаем на силиконовом коврике в духовке при 180° 25 минут');
INSERT INTO "public"."recipe" VALUES (12, 1, 4, '2023-9-19', 'Нежные вафли', 'nezhnye_vafli', '/recipe/nezhnye_vafli/photo.jpg', '/recipe/nezhnye_vafli/preview.jpg', '', 'Смешиваем все ингредиенты и готовим в вафельнице или на сковороде как оладьи по 4 минуты с каждой стороны под крышкой');
INSERT INTO "public"."recipe" VALUES (13, 1, 5, '2023-9-19', 'Рулетики с рыбкой', 'ruletiki_s_rybkoy', '/recipe/ruletiki_s_rybkoy/photo.jpg', '/recipe/ruletiki_s_rybkoy/preview.jpg', '', 'Лаваш смазать творожным сыром, выложить листья салата и полосочки огурца (нарезать овощечисткой), сверху выкладываем семгу, сворачиваем и нарезаем');
INSERT INTO "public"."recipe" VALUES (14, 1, 6, '2023-9-19', 'Тёплый авокадо', 'teplyy_avokado', '/recipe/teplyy_avokado/photo.jpg', '/recipe/teplyy_avokado/preview.jpg', '', 'Разрезать пополам авокадо, вынуть кость, ложкой убрать чуть-чуть мякоти, выложить на пергамент, разбить по яйцу в каждую половинку. Печь в горячей духовке 10 минут на 180 градусов. По готовности посыпать солью и травами.');
INSERT INTO "public"."recipe" VALUES (15, 1, 7, '2023-9-19', 'Орехово-ягодная каша', 'orehovo-yagodnaya_kasha', '/recipe/orehovo-yagodnaya_kasha/photo.jpg', '/recipe/orehovo-yagodnaya_kasha/preview.jpg', '', 'Овсяные хлопья залить молоком и водой, варить на медленном огне 30 минут, дать настояться добавить ягоды орешки и мёд');
INSERT INTO "public"."recipe" VALUES (16, 1, 6, '2023-9-19', 'Воздушный омлет с овощами', 'vozdushnyy_omlet_s_ovoschami', '/recipe/vozdushnyy_omlet_s_ovoschami/photo.jpg', '/recipe/vozdushnyy_omlet_s_ovoschami/preview.jpg', '', 'Взбить венчиком яйца с мягким творогом, добавить натёртый на мелкой тёрке сыр и перемешать, можно добавить кусочки томата или зелень, вылить на хорошо разогретую сковороду смазанную капли кокосового масла жарить на медленном огне под крышкой 15 минут.');
INSERT INTO "public"."recipe" VALUES (17, 1, 8, '2023-9-19', 'Воздушное пирожное', 'vozdushnoe_pirozhnoe', '/recipe/vozdushnoe_pirozhnoe/photo.jpg', '/recipe/vozdushnoe_pirozhnoe/preview.jpg', '', 'Для сначала смешайте все сухие ингредиенты, в яйцо добавьте размятый вилкой банан, молоко и хорошо перемешайте. Растопите сливочное масло и добавьте в яично-банановую массу, перемешайте смешайте сухие и жидкие смеси до однородной массы, сильно вымешивать не нужно.
Перелейте массу формы (высота бисквита зависит от размера формы), поставьте в духовку на 200 градусов и 10 минут. Готовый бисквит остудите и разрежьте на две части, для прослойки нарежьте персик кубиками, смешайте с рикоттой и мёдом. Желатин, помешивая, залейте горячей водой и мешайте до растворения, немножко подождите, чтобы охладился. Желатиновую воду влейте в массу с рикоттой и персиком, аккуратно все перемешайте. Кондитерское  кольцо положите на тарелку, внутри на дно выложите корж на него выложите сырный слой. Накройте вторым коржом и поставьте в холодильник на ночь, можно украсить растопленным шоколадом.');
INSERT INTO "public"."recipe" VALUES (18, 1, 4, '2023-9-19', 'Мини пицца', 'mini_picca', '/recipe/mini_picca/photo.jpg', '/recipe/mini_picca/preview.jpg', '', 'Для теста смешать творог с яйцом. Добавить муку и соду. Замесить мягкое тесто. Раскатать на пергаменте, присыпав мукой. Смазать пастой. Выложить начинку, выпекать на 180 градусов 25 минут.
Полить готовую пиццу оливковым маслом прямого холодного отжима');
INSERT INTO "public"."recipe" VALUES (19, 1, 4, '2023-9-19', 'Оладьи с луком', 'oladi_s_lukom', '/recipe/oladi_s_lukom/photo.jpg', '/recipe/oladi_s_lukom/preview.jpg', '', 'Смешиваем все ингредиенты, зелёный лук шинкуем.
Всё перемешиваем.
Тесто получится как густая сметана.
Выливаем на разогретую сковороду 1-2ст л теста.
Жарим по 1,5-2 минуты с каждой стороны с закрытой крышкой.
Переворачиваем и готово!');
INSERT INTO "public"."recipe" VALUES (20, 1, 4, '2023-9-19', 'Быстрое печенье', 'bystroe_pechene', '/recipe/bystroe_pechene/photo.jpg', '/recipe/bystroe_pechene/preview.jpg', '', 'Смешать все ингредиенты, сформировать печенье, выпекать на 180 градусов 12-15 минут');
INSERT INTO "public"."recipe" VALUES (21, 1, 4, '2023-9-19', 'Рулетики с изюмом', 'ruletiki_s_izyumom', '/recipe/ruletiki_s_izyumom/photo.jpg', '/recipe/ruletiki_s_izyumom/preview.jpg', '', 'Яйца, молоко, ванилин, просеянную муку и подсластитель смешать до однородности (если необходимо, то добавить воду) и испечь блины. Творог смешать с изюмом и подсластителем по вкусу. Выложить полученную начинку на каждый блинчик и свернуть в рулетики. По желанию можно разрезать рулетики наискосок.');
INSERT INTO "public"."recipe" VALUES (22, 1, 8, '2023-9-19', 'Мягкие пирожные', 'myagkie_pirozhnye', '/recipe/myagkie_pirozhnye/photo.jpg', '/recipe/myagkie_pirozhnye/preview.jpg', '', 'Белки отделить от желтков и взбить в пену.
Желтки смешать с молоком, сахзамом, крахмалом и какао.
Аккуратно объедините обе смеси.
Полученное тесто выложите тонким слоем на многоразовый коврик.
Поставьте в горячую духовку на 180 градусов и 15 минут.
Дайте остыть коржику и подровняйте края. Разрежьте на 2 коржа.

В воде замочите желатин, как набухнет, растворите не доводя до кипения. Все ингредиенты для начинки пробейте блендером до однородности. Нанесите начинку на один коржик и накройте аккуратно вторым. Уберите в холодильник на ночь, нарежьте на порции.');
INSERT INTO "public"."recipe" VALUES (28, 1, 4, '2023-9-19', 'Облачко', 'oblachko', '/recipe/oblachko/photo.jpg', '/recipe/oblachko/preview.jpg', '', 'Пробить блендером молоко, яйца, муку и курагу до однородности.
Добавить творог и ваниль. Еще раз пробить блендером.
Выложить в форму диаметром 16 см в духовку на 180 градусов и 30 минут. Дать полностью остыть.');
INSERT INTO "public"."recipe" VALUES (23, 1, 1, '2023-9-19', 'Какао с зефиром маршмеллоу', 'kakao_s_zefirom_marshmellou', '/recipe/kakao_s_zefirom_marshmellou/photo.jpg', '/recipe/kakao_s_zefirom_marshmellou/preview.jpg', 'Изысканный напиток с тонким ароматом обязательно придётся по душе и подарит бодрость и хорошее настроение перед продуктивным днём.', '1. Заливаем желатин половиной стакана воды и на 15 минут оставляем набухать.

2. Готовим сироп, смешав 1,5 стакана сахара, кукурузный сироп, соль и полстакана воды в небольшой кастрюле. Варим на среднем огне, пока сахар не растворится. Прибавляем огонь и варим, пока сироп не покажет 240 градусов на термометре для карамели (на глаз — на все уйдет минут 8). Снимаем с огня.

3. Тонкой струйкой медленно вливаем получившийся сахарный сироп в растворенный желатин, взбивая миксером на низкой скорости. Постепенно увеличивая скорость, взбиваем смесь до толстой массы. Это займет 15 минут. Добавляем ваниль и взбиваем еще полминуты.

4. Щедро посыпаем форму для выпечки (можно — накрытую фольгой) сахарной пудрой и выкладываем в нее готовую массу. Разравниваем сверху и присыпаем сахарной пудрой. Оставляем на ночь при комнатной температуре.

5. Когда смесь застынет в тягучую массу, переворачиваем форму на посыпанную пудрой доску и вырезаем фигурные или простые квадратные маршмеллоу. Щедро присыпаем их пудрой.

6. Теперь готовим какао (пропорции даны на стакан напитка). Доводим молоко до кипения, добавляем какао-порошок, сахар, ваниль и завариваем.

7. На дно чашки кладем несколько кусочков горького шоколада и заливаем какао. Украшаем взбитыми сливками и зефирками маршмеллоу.');
INSERT INTO "public"."recipe" VALUES (24, 1, 1, '2023-9-19', '"Тропическое" какао', 'tropicheskoe_kakao', '/recipe/tropicheskoe_kakao/photo.jpg', '/recipe/tropicheskoe_kakao/preview.jpg', 'Тропическим этот напиток называется совсем не потому, что пьют его в тропиках. Просто он содержит сразу несколько продуктов, которые создают из плодов деревьев, встречающихся только в экваториальных широтах. В этом напитке нет сахара и молока, орехов и других калорийных добавок. Он не только вкусный, но и очень полезный, поэтому его можно пить даже во время диеты.', '1. Финики очистите от кожицы.

2. Поместите все ингредиенты в блендер и взбейте до образования однородной массы.

3. Перелейте в кастрюлю и немного подогрейте.

Вот и все! Тропический напиток готов.');
INSERT INTO "public"."recipe" VALUES (25, 1, 1, '2023-9-19', 'Мексиканское горячее какао', 'meksikanskoe_goryachee_kakao', '/recipe/meksikanskoe_goryachee_kakao/photo.jpg', '/recipe/meksikanskoe_goryachee_kakao/preview.jpg', 'Мексиканское какао. Горячее, невероятно ароматное, приправленное ванилью, корицей и острым перцем. Оно не только поднимет вам настроение, но и согреет даже в самый ненастный вечер.', '1. Подогрейте молоко в небольшой кастрюле.

2. Добавьте в него какао-порошок и специи, тщательно перемешайте.

3. Поставьте на огонь и доведите до кипения, непрерывно взбивая напиток венчиком.

4. Подсластите сахаром, перелейте в кружку и наслаждайтесь!');
INSERT INTO "public"."recipe" VALUES (26, 1, 1, '2023-9-19', 'Горячий шоколад с Амаретто', 'goryachiy_shokolad_s_amaretto', '/recipe/goryachiy_shokolad_s_amaretto/photo.jpg', '/recipe/goryachiy_shokolad_s_amaretto/preview.jpg', 'Прекрасным завершением напряженного дня станет чашечка этого согревающего горячего шоколада. Его чарующий аромат с легкими нотками миндаля и благородный вкус помогут вам расслабиться и на время забыть о суете напряженных будней.', '1. Молоко и сливки вылейте в небольшую кастрюлю и на среднем огне доведите до кипения.

2. Кусочки какао тертого добавьте в молоко и взбивайте венчиком до тех пор, пока оно полностью не расплавится.

3. Добавьте сахар и Амаретто. Немного взбейте напиток венчиком и сразу подавайте к столу.');
INSERT INTO "public"."recipe" VALUES (36, 1, 3, '2023-9-19', 'Густой луковый суп', 'gustoy_lukovyy_sup', '/recipe/gustoy_lukovyy_sup/photo.jpg', '/recipe/gustoy_lukovyy_sup/preview.jpg', '', 'Лук режем мелками кубиками.
Капусту соломкой.
Морковь натереть на крупной терке.

В кастрюле с толстым дном,  нагреваем масло,добавляем лук, и обжариваем до прозрачности и легкой золотистости.
Заливаем водой, доводим до кипения, добавляем капусту, перемешиваем, доводим снова до кипения, добавляем морковь, лавровый лист, перец и соль по вкусу. Доводим до кипения и варим 15 минут на медленном огне под крышкой.

На сковороде разогреваем пару ложек растительного масла и, постоянно помешивая, обжариваем на нем муку до характерного запаха каленого ореха. Добавляем муку в суп, перемешиваем, доводим до кипения и снимаем с огня. Дайте 5 минут постоять.
');
INSERT INTO "public"."recipe" VALUES (27, 1, 1, '2023-9-19', 'Мексиканский шоколад на воде', 'meksikanskiy_shokolad_na_vode', '/recipe/meksikanskiy_shokolad_na_vode/photo.jpg', '/recipe/meksikanskiy_shokolad_na_vode/preview.jpg', 'Пряный, горький и холодный – вот три слова, которыми можно описать любимый напиток индейцев Майа. Да, именно таким полторы тысячи лет назад был шоколад. Конкистадоры, которых в XVI веке индейцы в качестве приветствия потчевали этим напитком, совершенно его не оценили. Испанским вельможам он тоже не очень понравился, поэтому вместо перца и пряностей они стали добавлять в него сахар и ваниль. В таком виде горячий шоколад дошел до нас.', '1. В небольшой кастрюле вскипятите воду.

2. Добавьте в нее какао тертое и варите, часто помешивая, до тех пор, пока оно полностью не расплавится.

3. Снимите с огня, добавьте оставшиеся ингредиенты и взбейте в блендере до образования пены.


Этот напиток можно пить как горячим, так и холодным.');
INSERT INTO "public"."recipe" VALUES (29, 1, 4, '2023-9-19', 'Брускетта на цельнозерновом хлебе', 'brusketta_na_celnozernovom_hlebe', '/recipe/brusketta_na_celnozernovom_hlebe/photo.jpg', '/recipe/brusketta_na_celnozernovom_hlebe/preview.jpg', 'Для хлеба продукты все взвешиваем на весах', 'Замешиваем тесто (долго не вымешиваем, а просто собираем в комок) накрываем пакетом и оставляем бродить на 10-12 часов при комнатной температуре!
Я ославляю на ночь чашку в духовку (там нет сквозняков)
утром открыли пакет-тесто поднялось и стало пузырчатым.
Густо обсыпаем стол мукой и вываливаем тесто, оно может быть липким.

Делаем прямоугольник и складываем краями внутрь.
Дальше берём емкость для расстойки любую миску или лучше дуршлаг, салфетку хлопковую, обсыпаем ее тщательно мукой и все укладываем: миску, в неё полотенце, дальше тесто, сверху прикрываем краями этого же полотенца и оставляем на расстойку на час!
Заранее разогреваем духовку до 230°
Хлеб вынимаем просто перевернув миску, где расстаивался хлеб и делаем надрезы по желанию. Ставим хлеб на пергамент в разогретую духовку на 40-45 минут.


Даём остыть на решётке.

Для начинки смажьте брускетту сливочным сыром, возьмите спелый авокадо, нарежьте на тоненькие слайсы и выложите сверху. Посыпьте зелёным луком, солью и перцем.');
INSERT INTO "public"."recipe" VALUES (30, 1, 1, '2023-9-19', 'Напиток с кокосом', 'napitok_s_kokosom', '/recipe/napitok_s_kokosom/photo.jpg', '/recipe/napitok_s_kokosom/preview.jpg', '', '1. Замочите орехи и финики на 8-12 часов в воде.

2. Положите все ингредиенты в блендер и измельчите до однородного состояния.');
INSERT INTO "public"."recipe" VALUES (31, 1, 1, '2023-9-19', 'Напиток клюквенный', 'napitok_klyukvennyy', '/recipe/napitok_klyukvennyy/photo.jpg', '/recipe/napitok_klyukvennyy/preview.jpg', '', '1. Выжмите сок из всех ингредиентов.

2. Хорошо перемешайте и подавайте в большом кувшине.');
INSERT INTO "public"."recipe" VALUES (32, 1, 1, '2023-9-19', 'Напиток из хурмы', 'napitok_iz_hurmy', '/recipe/napitok_iz_hurmy/photo.jpg', '/recipe/napitok_iz_hurmy/preview.jpg', '', '1. Замочите орехи на 8-12 часов в воде.

2. В блендере смешайте орехи, финики и воду до состояния крема.

3. Выложите смесь в марлю и дайте стечь в миску.

4. Верните миндальное молоко в блендер и добавьте остальные ингредиенты.

5. Хорошо перемешайте около 30 секунд и подавайте.');
INSERT INTO "public"."recipe" VALUES (33, 1, 1, '2023-9-19', 'Яблочно-огуречный напиток', 'yablochno-ogurechnyy_napitok', '/recipe/yablochno-ogurechnyy_napitok/photo.jpg', '/recipe/yablochno-ogurechnyy_napitok/preview.jpg', '', '1. Подготовить все ингредиенты.

2. Выжать сок из всех ингредиентов.

3. Хорошо перемешать и подавать немедленно.');
INSERT INTO "public"."recipe" VALUES (34, 1, 4, '2023-9-19', 'Самый вкусный чизкейк ПП', 'samyy_vkusnyy_chizkeyk_pp', '/recipe/samyy_vkusnyy_chizkeyk_pp/photo.jpg', '/recipe/samyy_vkusnyy_chizkeyk_pp/preview.jpg', '', 'Смешиваем все ингредиенты
Делаем мягкое тесто
Берём форму 20 см, смазываем маслом и равномерно распределяем руками, можно сделать с бортиками, а можно без, утрамбовываем стаканом, накалываем вилочкой.
Ставим в разогретую до 180 градусов духовку на 15 минут и выпекаем основной корж.
⠀
В это время занимаемся начинкой:
Все ингредиенты пробиваем до однородности погружным блендером.
Выливаем массу уже на пропеченую остывшую основу.
Отправляем обратно в духовку и выпекаем при температуре 160 градусов 40 минут.
⠀
Готовый чизкейк обязательно остужаем при комнатной температуре.
После этого даём остыть в холодильнике в течение 2-3 часов, лучше на ночь и затем украшаем.
⠀
Для украшения я использовала:
Голубику, клубнику и листики мяты.');
INSERT INTO "public"."recipe" VALUES (35, 1, 3, '2023-9-19', 'Грибной крем-суп', 'gribnoy_krem-sup', '/recipe/gribnoy_krem-sup/photo.jpg', '/recipe/gribnoy_krem-sup/preview.jpg', '', 'Лук режем мелками кубиками.
Капусту соломкой.
Морковь натереть на крупной терке.

В кастрюле с толстым дном,  нагреваем масло,добавляем лук, и обжариваем до прозрачности и легкой золотистости.
Заливаем водой, доводим до кипения, добавляем капусту, перемешиваем, доводим снова до кипения, добавляем морковь, лавровый лист, перец и соль по вкусу. Доводим до кипения и варим 15 минут на медленном огне под крышкой.

На сковороде разогреваем пару ложек растительного масла и, постоянно помешивая, обжариваем на нем муку до характерного запаха каленого ореха. Добавляем муку в суп, перемешиваем, доводим до кипения и снимаем с огня. Дайте 5 минут постоять.

При подаче посыпаем мелко нарезанным укропом и добавляем сок лимона в каждую тарелку.
Суп получается густой и очень вкусный');
INSERT INTO "public"."recipe" VALUES (37, 1, 7, '2023-9-19', 'Жидкая овсяная каша на молоке', 'zhidkaya_ovsyanaya_kasha_na_moloke', '/recipe/zhidkaya_ovsyanaya_kasha_na_moloke/photo.jpg', '/recipe/zhidkaya_ovsyanaya_kasha_na_moloke/preview.jpg', 'Прекрасный способ начать день правильно - жидкая овсянка на молоке. Такая молочная овсяная каша готовится чрезвычайно просто, быстро и по консистенции напоминает нечто среднее между классической овсянкой и молочным супом. Сытный, полезный, а главное - вкусный завтрак!', 'Подготавливаем все необходимые продукты.

Овсяные хлопья перемешиваем со 100 мл воды.

Молоко выливаем в кастрюлю или в казан, ставим на огонь и, помешивая, доводим до кипения.

В кипящее молоко отправляем овсяные хлопья.

Снова доводим молоко до кипения и варим кашу на небольшом огне, постоянно помешивая, 7-10 минут. Точное время варки обычно указано на упаковке с хлопьями (у меня 7-10 минут).

Выключаем огонь.

Добавляем сливочное масло и соль.

Перемешиваем.

Раскладываем овсяную кашу на молоке по тарелкам и подаём к столу.


Приятного аппетита!');
INSERT INTO "public"."recipe" VALUES (38, 1, 7, '2023-9-19', 'Рисовая каша молочная', 'risovaya_kasha_molochnaya', '/recipe/risovaya_kasha_molochnaya/photo.jpg', '/recipe/risovaya_kasha_molochnaya/preview.jpg', 'Молочная рисовая каша - традиционное блюдо для детского и диетического питания. Рецепт рисовой каши на молоке обязательно должен быть в арсенале каждой мамы, заботящейся о правильном питании.
Молочная рисовая каша очень вкусная и полезная. А еще вкуснее каша будет, если добавить в нее ванильный сахар, тертые яблоки или тщательно размятые бананы.

', 'Подготовить продукты.

Как приготовить молочную рисовую кашу:

Рис промыть теплой водой один или несколько раз.

В двухлитровой кастрюле вскипятить воду. Рис засыпать в кипящую воду (на 1 стакан риса — 2 стакана воды) и варить 8-10 минут, время от времени помешивая. Варить нужно на медленном огне - рис должен чуть-чуть кипеть.

Откинуть рис на сито, дать стечь воде. Можно промыть рис теплой кипяченой водой, чтобы не было слипшихся комочков.

В двухлитровой кастрюле подогреть молоко.
Всыпать рис в молоко, размешать и варить, часто помешивая, на слабом огне (каша должна слегка кипеть) 15-20 минут.

Перед выключением добавить сахар, соль, перемешать, закрыть посуду крышкой.

Кашу нужно на 5-10 минут укутать полотенцем.
Можно также "томить" молочную рисовую кашу в духовке. Для этого нужно разогреть духовку до 150-180 градусов, установить противень на средний уровень и поставить в духовку закрытую крышкой кастрюлю с кашей примерно на 5 минут.

Перед подачей к столу молочная рисовая каша заправляется сливочным маслом.
Можно заправить кашу взбитым желтком (по желанию).');
INSERT INTO "public"."recipe" VALUES (39, 1, 5, '2023-9-19', 'Минтай, тушенный в сметане', 'mintay,_tushennyy_v_smetane', '/recipe/mintay,_tushennyy_v_smetane/photo.jpg', '/recipe/mintay,_tushennyy_v_smetane/preview.jpg', 'Отличный способ, как быстро приготовить нежнейшую и ароматную тушёную рыбу. После тушения в сметане минтай становится сочным и просто тает во рту!', 'Подготавливаем продукты для приготовления минтая, тушенного в сметане. Также нам понадобится 150-200 мл воды.

Филе минтая хорошо промываем, обсушиваем бумажным полотенцем и нарезаем на порционные кусочки.

Перекладываем рыбу в миску. Солим, перчим по вкусу и оставляем на 15-20 минут.

Лук и морковь очищаем.

Лук мелко нарезаем. Морковь трем на крупной терке.

В сковороде на растительном масле обжариваем лук с морковью 4-5 минут.

Снимаем сковороду с нагрева. Посыпаем морковь с луком мукой и быстро перемешиваем, чтобы не образовались комки.

Туда же вливаем воду и тщательно перемешиваем.

Возвращаем сковороду на нагрев, доводим содержимое до кипения и добавляем сметану. Солим, перчим, всыпаем мускатный орех и перемешиваем.

В получившийся соус выкладываем куски минтая.

Накрываем сковороду крышкой. Тушим рыбу в сметане до готовности (20-25 минут).

Минтай, тушенный в сметане, готов.


Приятного аппетита!');
INSERT INTO "public"."recipe" VALUES (40, 1, 2, '2023-9-19', 'Салат с обжаренными томатами', 'salat_s_obzharennymi_tomatami', '/recipe/salat_s_obzharennymi_tomatami/photo.jpg', '/recipe/salat_s_obzharennymi_tomatami/preview.jpg', 'Может стать отличным дополнением к бифштексу. В качестве томатов лучше использовать помидоры черри. Во-первых, они отлично переносят обжарку по причине своей плотности, во-вторых, зимой в наших краях только у помидоров черри действительно помидорный вкус.', '1. Помидоры среднего размера нарезать кольцами толщиной около сантиметра. Разогреть сковороду, влить чуть-чуть оливкового масла и обжарить ломтики томатов до появления корочки, а затем снять с огня.

2. Смешать натуральный йогурт с 50 мл оливкового масла. Зубчик чеснока раздавить ножом, разобрать на волокна и мелко нарезать. Добавить нарубленный чеснок к йогурту с маслом, посолить и поперчить по вкусу.

3. Заправить получившимся соусом смесь салатных листьев, украсить кольцами обжаренных томатов и подавать, когда они чуть остынут — или еще горячими, это уже дело вкуса.');
INSERT INTO "public"."recipe" VALUES (41, 1, 2, '2023-9-19', 'Салат нисуаз с базиликом', 'salat_nisuaz_s_bazilikom', '/recipe/salat_nisuaz_s_bazilikom/photo.jpg', '/recipe/salat_nisuaz_s_bazilikom/preview.jpg', 'Это не вполне ортодоксальная версия знаменитого салата нисуаз — обычно в него не кладут картошку, — зато в таком виде он может быть как салатом, так и основным блюдом, особенно если тунца с картошкой взять побольше.', '1. Взять два болгарских перца, красный и желтый, вырезать плодоножку, вычистить семена и на их место вложить по раздавленному зубчику чеснока и веточке тимьяна. Завернуть в фольгу и запекать сорок минут при 180 градусах, после чего сразу окунуть в ледяную воду, снять кожуру — и нарезать в произвольном формате.

2. Для домашнего майонеза смешать три желтка с дижонской горчицей и, не спеша постоянно размешивая, влить растительное масло. В конце добавить пару чайных ложек хересного уксуса, соль и перец. Смешать майонез с пробитым в блендере консервированным тунцом.

3. Для дрессинга выпарить в четыре раза бальзамический уксус, добавить мед и 3–4 ложки оливкового масла, перемешать.

4. На ложке оливкового масла обжарить тунца до золотистости. Нарезать не очень толстыми кусками.

5. По дну тарелок размазать майонезно-тунцовую смесь. Разложить по всей поверхности салатный микс (фризе, руккола, мини-шпинат, мангольд) и мини-романо. Вслед за ними — нарезанные крупно огурцы, помидоры, маринованные артишоки, разрезанные вдоль пополам вареные перепелиные яйца, маслины, перец, базилик и нарезанный тонкими кружками редис.

6. В самом конце выложить обжаренного тунца, сбрызнуть его оливковым маслом и соевым соусом, украсить листьями сельдерея и кресс-салатом — и полить медово-бальзамическим дрессингом.');
INSERT INTO "public"."recipe" VALUES (42, 1, 2, '2023-9-19', 'Весенний салат с куриной грудкой', 'vesenniy_salat_s_kurinoy_grudkoy', '/recipe/vesenniy_salat_s_kurinoy_grudkoy/photo.jpg', '/recipe/vesenniy_salat_s_kurinoy_grudkoy/preview.jpg', 'Самый обычный и вкусный салат', '1. Помидоры, салат мелко нарезаем. Сыр трем на терке.

2. Куриную грудку разделываем на мелкие кусочки и тушим на слабом огне минут 20, пока вся жидкость не выкипит. Можно слегка обжарить.

3. Смешиваем все нарезанные и готовые ингредиенты, заправляем майонезом (сметаной).

4. Подаем салат, посыпав сверху сухариками.');
INSERT INTO "public"."recipe" VALUES (9, 1, 4, '2023-9-19', 'Шокоблин с кремом', 'shokoblin_s_kremom', '/recipe/shokoblin_s_kremom/photo.jpg', '/recipe/shokoblin_s_kremom/preview.jpg', '', 'Смолоть овсянку в муку и смешать все ингредиенты, жарить  блинчик на антипригарной сковороде, можно смазать кокосовым маслом

Крем:
50 г мягкого творога смешать 
с 1ч.л мёда

Промазываем блинчик с одной стороны, нарезаем банан и украшаем шоколадкой без сахара');
INSERT INTO "public"."recipe" VALUES (43, 1, 9, '2023-9-20', 'Спагетти с кунжутом', 'spagetti_s_kunzhutom', '/recipe/spagetti_s_kunzhutom/photo.jpg', '/recipe/spagetti_s_kunzhutom/preview.jpg', '', 'Спагетти отварить в солёной воде, промыть.

Морковь и лук немного обжарить, добавить куриное филе, нарезанное кубиками.

Когда курица будет наполовину готова, добавить фасоль и накрыть крышкой.

С одного края сковороды освободить место и высыпать кунжут, дать немного подсушиться.

Посолить, поперчить, влить соевый соус, выключить и выложить спагетти. Хорошо перемешать.

При подаче можно посыпать твёрдым сыром.


Приятного аппетита!');
INSERT INTO "public"."recipe" VALUES (44, 1, 3, '2023-9-21', 'Борщ', 'borsch', '/recipe/borsch/photo.jpg', '/recipe/borsch/preview.jpg', 'Вкусный красный борщ с говядиной приготовить очень легко.', 'Говядину нарезать крупными кусками.

Залить мясо в кастрюле холодной водой, довести до кипения, снять пену. Варить бульон примерно 1,5 часа на небольшом огне.

В конце варки посолить.

Свёклу очистить, нарезать соломкой.

Морковь очистить, натереть на крупной тёрке.

Лук очистить, мелко нарезать.

Капусту нашинковать.

Картофель очистить, нарезать кубиками.

На сковороде разогреть растительное масло. Свёклу, морковь и лук выложить на сковороду и тушить на среднем огне (пассеровать), помешивая, 5-7 минут.

В конце добавить уксус и томатную пасту. Перемешать. Готовить овощи ещё 3-4 минуты, помешивая.

В кипящий бульон выложить картофель и капусту, варить 10 минут. (Молодую капусту добавлять за 5 минут до окончания приготовления борща.)

Затем добавить пассерованные овощи, лавровый лист и перец. Варить борщ с говядиной еще 5-7 минут.

Готовому борщу дать настояться 10-15 минут.
Зелень нарезать.

Разлить борщ по тарелкам, заправить сметаной и посыпать зеленью.');

-- ----------------------------
-- Records of ingredient
-- ----------------------------
INSERT INTO "public"."ingredient" VALUES (9, 1, 2, 'Одно яйцо', NULL);
INSERT INTO "public"."ingredient" VALUES (14, 1, 2, 'Соль по вкусу', NULL);
INSERT INTO "public"."ingredient" VALUES (16, 1, 3, 'Два яйца', NULL);
INSERT INTO "public"."ingredient" VALUES (18, 1, 3, 'Разрыхлитель одна чайная ложка', NULL);
INSERT INTO "public"."ingredient" VALUES (19, 1, 3, 'Одна столовая ложка апельсинового сока', NULL);
INSERT INTO "public"."ingredient" VALUES (21, 1, 4, 'Одна штука белок яичный', NULL);
INSERT INTO "public"."ingredient" VALUES (23, 1, 4, 'Один банан', NULL);
INSERT INTO "public"."ingredient" VALUES (25, 1, 4, 'Соль по вкусу', NULL);
INSERT INTO "public"."ingredient" VALUES (30, 1, 5, 'Соль', NULL);
INSERT INTO "public"."ingredient" VALUES (33, 1, 6, 'Одно яйцо', NULL);
INSERT INTO "public"."ingredient" VALUES (34, 1, 6, 'Одна столовая ложка рисовой цз муки', NULL);
INSERT INTO "public"."ingredient" VALUES (35, 1, 6, 'Одна столовая ложка кокосовой стружки', NULL);
INSERT INTO "public"."ingredient" VALUES (39, 1, 6, 'Пол чайной ложки разрыхлителя', NULL);
INSERT INTO "public"."ingredient" VALUES (41, 1, 7, 'Половина лука репчатого', NULL);
INSERT INTO "public"."ingredient" VALUES (42, 1, 7, 'Одна морковь', NULL);
INSERT INTO "public"."ingredient" VALUES (43, 1, 7, 'Три яйца', NULL);
INSERT INTO "public"."ingredient" VALUES (46, 1, 7, 'Соль ', NULL);
INSERT INTO "public"."ingredient" VALUES (47, 1, 7, 'Чёрный перец', NULL);
INSERT INTO "public"."ingredient" VALUES (48, 1, 7, 'Одна столовая ложка оливкового масла', NULL);
INSERT INTO "public"."ingredient" VALUES (49, 1, 8, '1 яйцо', NULL);
INSERT INTO "public"."ingredient" VALUES (62, 1, 10, '1 яйцо', NULL);
INSERT INTO "public"."ingredient" VALUES (66, 1, 11, '1 яйцо', NULL);
INSERT INTO "public"."ingredient" VALUES (69, 1, 11, 'Подсластитель', NULL);
INSERT INTO "public"."ingredient" VALUES (71, 1, 12, '1 яйцо', NULL);
INSERT INTO "public"."ingredient" VALUES (75, 1, 13, 'Лаваш', NULL);
INSERT INTO "public"."ingredient" VALUES (76, 1, 13, 'Семга', NULL);
INSERT INTO "public"."ingredient" VALUES (77, 1, 13, 'Листья салата', NULL);
INSERT INTO "public"."ingredient" VALUES (78, 1, 13, 'Творожный сыр', NULL);
INSERT INTO "public"."ingredient" VALUES (79, 1, 13, 'Свежий огурчик', NULL);
INSERT INTO "public"."ingredient" VALUES (88, 1, 15, 'Одна чайная ложка мёда', NULL);
INSERT INTO "public"."ingredient" VALUES (89, 1, 16, 'Яйцо куриное две штуки', NULL);
INSERT INTO "public"."ingredient" VALUES (82, 1, 14, 'Соль, специи', NULL);
INSERT INTO "public"."ingredient" VALUES (94, 1, 17, 'Одно куриное яйцо', NULL);
INSERT INTO "public"."ingredient" VALUES (95, 1, 17, 'Одна столовая ложка молока', NULL);
INSERT INTO "public"."ingredient" VALUES (96, 1, 17, 'Одна чайная ложка какао порошка', NULL);
INSERT INTO "public"."ingredient" VALUES (97, 1, 17, 'Пол чайной ложки разрыхлителя', NULL);
INSERT INTO "public"."ingredient" VALUES (100, 1, 17, 'Пол чайной ложки корицы', NULL);
INSERT INTO "public"."ingredient" VALUES (105, 1, 17, 'Одна столовая ложка мёда', NULL);
INSERT INTO "public"."ingredient" VALUES (108, 1, 18, '1 яйцо', NULL);
INSERT INTO "public"."ingredient" VALUES (113, 1, 18, 'Томатная паста', NULL);
INSERT INTO "public"."ingredient" VALUES (114, 1, 18, 'Вареная курочка', NULL);
INSERT INTO "public"."ingredient" VALUES (115, 1, 18, 'Помидоры', NULL);
INSERT INTO "public"."ingredient" VALUES (116, 1, 18, 'Сыр', NULL);
INSERT INTO "public"."ingredient" VALUES (117, 1, 19, '2 яйца', NULL);
INSERT INTO "public"."ingredient" VALUES (53, 1, 8, 'Сахарозаменитель', NULL);
INSERT INTO "public"."ingredient" VALUES (73, 1, 12, 'Сахарозаменитель', NULL);
INSERT INTO "public"."ingredient" VALUES (1, 1, 1, 'Творог 300 г.', NULL);
INSERT INTO "public"."ingredient" VALUES (27, 1, 5, 'Яйцо куриное 2 шт.', NULL);
INSERT INTO "public"."ingredient" VALUES (80, 1, 14, 'Авокадо 1 шт.', NULL);
INSERT INTO "public"."ingredient" VALUES (20, 1, 3, '1 г. сахзам', NULL);
INSERT INTO "public"."ingredient" VALUES (81, 1, 14, 'Перепелиное яйцо 2 шт.', NULL);
INSERT INTO "public"."ingredient" VALUES (7, 1, 2, '140 г. хлопья овсяные', NULL);
INSERT INTO "public"."ingredient" VALUES (10, 1, 2, '130 г. кефир', NULL);
INSERT INTO "public"."ingredient" VALUES (11, 1, 2, '130 г. творог', NULL);
INSERT INTO "public"."ingredient" VALUES (12, 1, 2, '140 г. яблоко', NULL);
INSERT INTO "public"."ingredient" VALUES (13, 1, 2, '40 г. чернослив', NULL);
INSERT INTO "public"."ingredient" VALUES (15, 1, 3, 'Овсяные хлопья 50 г. (смолоть в муку)', NULL);
INSERT INTO "public"."ingredient" VALUES (17, 1, 3, '50 г. изюма', NULL);
INSERT INTO "public"."ingredient" VALUES (22, 1, 4, '50 г. овсяных хлопьев длительной варки', NULL);
INSERT INTO "public"."ingredient" VALUES (24, 1, 4, '40 г. молока', NULL);
INSERT INTO "public"."ingredient" VALUES (26, 1, 5, '200 г. творога', NULL);
INSERT INTO "public"."ingredient" VALUES (28, 1, 5, '20 г. кокосовой стружки (смолоть  в муку)', NULL);
INSERT INTO "public"."ingredient" VALUES (29, 1, 5, '40 г. изюм', NULL);
INSERT INTO "public"."ingredient" VALUES (32, 1, 6, 'Творог 100 г. 2 %', NULL);
INSERT INTO "public"."ingredient" VALUES (37, 1, 6, 'Сыр рикотта 100 г.', NULL);
INSERT INTO "public"."ingredient" VALUES (40, 1, 7, 'Брокколи 200 г.', NULL);
INSERT INTO "public"."ingredient" VALUES (44, 1, 7, '150 г. молока', NULL);
INSERT INTO "public"."ingredient" VALUES (51, 1, 8, '50 г. цз рисовой муки', NULL);
INSERT INTO "public"."ingredient" VALUES (60, 1, 10, '50 г. лаваша', NULL);
INSERT INTO "public"."ingredient" VALUES (61, 1, 10, '200 г. обезжиренного творога', NULL);
INSERT INTO "public"."ingredient" VALUES (63, 1, 10, '50 г. смородины замороженной', NULL);
INSERT INTO "public"."ingredient" VALUES (65, 1, 11, '200 г. творога 2%', NULL);
INSERT INTO "public"."ingredient" VALUES (67, 1, 11, '30 г. цз рисовой муки', NULL);
INSERT INTO "public"."ingredient" VALUES (68, 1, 11, '10 г. кокосовой стружки', NULL);
INSERT INTO "public"."ingredient" VALUES (3, 1, 1, 'Яйцо 1 шт.', NULL);
INSERT INTO "public"."ingredient" VALUES (72, 1, 12, '40 г. творожного йогурта', NULL);
INSERT INTO "public"."ingredient" VALUES (83, 1, 15, 'Овсяные хлопья длительной варки 40 г.', NULL);
INSERT INTO "public"."ingredient" VALUES (84, 1, 15, 'Молоко 3% 100 г.', NULL);
INSERT INTO "public"."ingredient" VALUES (85, 1, 15, 'Вода 80 г. ', NULL);
INSERT INTO "public"."ingredient" VALUES (86, 1, 15, '70 г. любых ягод', NULL);
INSERT INTO "public"."ingredient" VALUES (90, 1, 16, '30 г. мягкий творог', NULL);
INSERT INTO "public"."ingredient" VALUES (98, 1, 17, '80 г. банана', NULL);
INSERT INTO "public"."ingredient" VALUES (99, 1, 17, '10 г. сливочного масла', NULL);
INSERT INTO "public"."ingredient" VALUES (102, 1, 17, '100 г. персик', NULL);
INSERT INTO "public"."ingredient" VALUES (103, 1, 17, '100 г. сыр рикотта или мягкий творог', NULL);
INSERT INTO "public"."ingredient" VALUES (104, 1, 17, '10 г. желатин быстрорастворимый', NULL);
INSERT INTO "public"."ingredient" VALUES (107, 1, 18, '200 г. творога 5%', NULL);
INSERT INTO "public"."ingredient" VALUES (109, 1, 18, '80 г. цельнозерновой пшеничной муки', NULL);
INSERT INTO "public"."ingredient" VALUES (111, 1, 18, '1/4 чайной ложки соды или разрыхлителя', NULL);
INSERT INTO "public"."ingredient" VALUES (70, 1, 12, '40 г. цельнозерновой пшеничной муки', NULL);
INSERT INTO "public"."ingredient" VALUES (36, 1, 6, 'Миндаль 15 г.', NULL);
INSERT INTO "public"."ingredient" VALUES (45, 1, 7, '15 г. сыра 16 %', NULL);
INSERT INTO "public"."ingredient" VALUES (50, 1, 8, '60 мл. кефира 1%', NULL);
INSERT INTO "public"."ingredient" VALUES (106, 1, 17, '25 г. горячей воды  (не кипяток)', NULL);
INSERT INTO "public"."ingredient" VALUES (74, 1, 12, '1 г. разрыхлителя', NULL);
INSERT INTO "public"."ingredient" VALUES (52, 1, 8, '2 г. разрыхлителя', NULL);
INSERT INTO "public"."ingredient" VALUES (64, 1, 10, 'Подсластитель', NULL);
INSERT INTO "public"."ingredient" VALUES (4, 1, 1, 'Ванилин 2г.', NULL);
INSERT INTO "public"."ingredient" VALUES (5, 1, 1, 'Пребиосвит или другой сахзам 2г.', NULL);
INSERT INTO "public"."ingredient" VALUES (110, 1, 18, '80 г. цельнозерновой рисовой муки', NULL);
INSERT INTO "public"."ingredient" VALUES (8, 1, 2, 'Одна чайная ложка соды', NULL);
INSERT INTO "public"."ingredient" VALUES (6, 1, 1, 'Мёд 1 чайная ложка', NULL);
INSERT INTO "public"."ingredient" VALUES (121, 1, 19, '2 фитпарад', NULL);
INSERT INTO "public"."ingredient" VALUES (124, 1, 19, 'Зелёный лук пучок', NULL);
INSERT INTO "public"."ingredient" VALUES (127, 1, 20, '1 яйцо', NULL);
INSERT INTO "public"."ingredient" VALUES (131, 1, 20, 'Щепотка корицы', NULL);
INSERT INTO "public"."ingredient" VALUES (134, 1, 21, '3 яйца', NULL);
INSERT INTO "public"."ingredient" VALUES (135, 1, 21, 'Изюм по вкусу', NULL);
INSERT INTO "public"."ingredient" VALUES (136, 1, 21, 'Творог по вкусу', NULL);
INSERT INTO "public"."ingredient" VALUES (137, 1, 21, 'Ванилин по вкусу', NULL);
INSERT INTO "public"."ingredient" VALUES (140, 1, 21, 'Вода по необходимости', NULL);
INSERT INTO "public"."ingredient" VALUES (141, 1, 21, 'Подсластитель  по вкусу', NULL);
INSERT INTO "public"."ingredient" VALUES (143, 1, 22, '4 яйца', NULL);
INSERT INTO "public"."ingredient" VALUES (148, 1, 22, 'Для начинки:', 'true');
INSERT INTO "public"."ingredient" VALUES (142, 1, 22, 'Для теста:', 'true');
INSERT INTO "public"."ingredient" VALUES (112, 1, 18, 'Начинка:', 'true');
INSERT INTO "public"."ingredient" VALUES (101, 1, 17, 'Для прослойки:', 'true');
INSERT INTO "public"."ingredient" VALUES (92, 1, 17, 'Для теста:', 'true');
INSERT INTO "public"."ingredient" VALUES (155, 1, 23, 'Желатин 25 г.', NULL);
INSERT INTO "public"."ingredient" VALUES (156, 1, 23, 'Вода 1 стакан', NULL);
INSERT INTO "public"."ingredient" VALUES (157, 1, 23, 'Кукурузный сироп 1 стакан', NULL);
INSERT INTO "public"."ingredient" VALUES (158, 1, 23, 'Соль ¼ чайные ложки', NULL);
INSERT INTO "public"."ingredient" VALUES (159, 1, 23, 'Ванильный экстракт 1 столовая ложка', NULL);
INSERT INTO "public"."ingredient" VALUES (161, 1, 23, 'Молоко ¾ стакана', NULL);
INSERT INTO "public"."ingredient" VALUES (162, 1, 23, 'Взбитые сливки 2 столовые ложки', NULL);
INSERT INTO "public"."ingredient" VALUES (163, 1, 23, 'Какао-порошок 1,1 чайных ложек', NULL);
INSERT INTO "public"."ingredient" VALUES (164, 1, 23, 'Ванильный сахар 0,3 чайной ложки', NULL);
INSERT INTO "public"."ingredient" VALUES (165, 1, 23, 'Сахар 1,6 стаканов', NULL);
INSERT INTO "public"."ingredient" VALUES (167, 1, 24, '3 ст. ложки кокосового молока', NULL);
INSERT INTO "public"."ingredient" VALUES (168, 1, 24, '3/4 стакана воды', NULL);
INSERT INTO "public"."ingredient" VALUES (169, 1, 24, '3 мягких крупных финика без косточек', NULL);
INSERT INTO "public"."ingredient" VALUES (170, 1, 24, '1 ст. ложка голландского какао-порошка', NULL);
INSERT INTO "public"."ingredient" VALUES (173, 1, 25, '2 ч.ложки сахара', NULL);
INSERT INTO "public"."ingredient" VALUES (176, 1, 25, '1 щепотка соли ', NULL);
INSERT INTO "public"."ingredient" VALUES (177, 1, 25, '1 щепотка корицы ', NULL);
INSERT INTO "public"."ingredient" VALUES (178, 1, 25, '1 щепотка кайенского перца', NULL);
INSERT INTO "public"."ingredient" VALUES (179, 1, 26, '1/2 стакана молока', NULL);
INSERT INTO "public"."ingredient" VALUES (180, 1, 26, '1/4 стакана жирных сливок', NULL);
INSERT INTO "public"."ingredient" VALUES (182, 1, 26, '3 ст. ложки Амаретто', NULL);
INSERT INTO "public"."ingredient" VALUES (184, 1, 26, '1 щепотка соли', NULL);
INSERT INTO "public"."ingredient" VALUES (193, 1, 28, '2 яйца', NULL);
INSERT INTO "public"."ingredient" VALUES (200, 1, 29, 'Дрожжи сухие 1-2 г (примерно 1/3 чайной ложки)', NULL);
INSERT INTO "public"."ingredient" VALUES (201, 1, 30, 'Яблоко 1 шт.', NULL);
INSERT INTO "public"."ingredient" VALUES (202, 1, 30, 'Финики 95 г.', NULL);
INSERT INTO "public"."ingredient" VALUES (203, 1, 30, 'Изюм 95 г.', NULL);
INSERT INTO "public"."ingredient" VALUES (204, 1, 30, 'Миндаль 80 г.', NULL);
INSERT INTO "public"."ingredient" VALUES (205, 1, 30, 'Мяготь кокоса 100 г.', NULL);
INSERT INTO "public"."ingredient" VALUES (206, 1, 30, 'Молотая корица 2 чайные ложки', NULL);
INSERT INTO "public"."ingredient" VALUES (207, 1, 30, 'Имбирный сок 1 чайная ложка', NULL);
INSERT INTO "public"."ingredient" VALUES (208, 1, 30, 'Мускатный орех 1 щепотка', NULL);
INSERT INTO "public"."ingredient" VALUES (209, 1, 30, 'Молотая гвоздика 1 щепотка', NULL);
INSERT INTO "public"."ingredient" VALUES (210, 1, 30, 'Кокосовое молоко 2 стакана', NULL);
INSERT INTO "public"."ingredient" VALUES (211, 1, 31, 'Свежая клюква 500 г.', NULL);
INSERT INTO "public"."ingredient" VALUES (212, 1, 31, 'Свекла 1 шт.', NULL);
INSERT INTO "public"."ingredient" VALUES (213, 1, 31, 'Яблоко 2,5 кг.', NULL);
INSERT INTO "public"."ingredient" VALUES (144, 1, 22, '20-25 г. эритрита', NULL);
INSERT INTO "public"."ingredient" VALUES (125, 1, 20, '200 г. бананов', NULL);
INSERT INTO "public"."ingredient" VALUES (126, 1, 20, '80 г. сливочного масла (комнатной температуры)', NULL);
INSERT INTO "public"."ingredient" VALUES (129, 1, 20, '20 г. рисовой муки', NULL);
INSERT INTO "public"."ingredient" VALUES (130, 1, 20, '300 г. цельнозерновой пшеничной муки', NULL);
INSERT INTO "public"."ingredient" VALUES (138, 1, 21, '180 г. 1,5% молока', NULL);
INSERT INTO "public"."ingredient" VALUES (139, 1, 21, '70 г. рисовой муки', NULL);
INSERT INTO "public"."ingredient" VALUES (145, 1, 22, '30 г. кукурузного крахмала', NULL);
INSERT INTO "public"."ingredient" VALUES (146, 1, 22, '20 г. молока', NULL);
INSERT INTO "public"."ingredient" VALUES (149, 1, 22, '150 г. творога (5%, брикет)', NULL);
INSERT INTO "public"."ingredient" VALUES (150, 1, 22, '70 г. молока', NULL);
INSERT INTO "public"."ingredient" VALUES (151, 1, 22, '40 г. мягкого творога', NULL);
INSERT INTO "public"."ingredient" VALUES (152, 1, 22, '50 г. воды', NULL);
INSERT INTO "public"."ingredient" VALUES (185, 1, 27, 'стакан воды', NULL);
INSERT INTO "public"."ingredient" VALUES (192, 1, 28, '550 г. творога 5%', NULL);
INSERT INTO "public"."ingredient" VALUES (189, 1, 27, '1 щепотка свежего измельчённого мускатного ореха', NULL);
INSERT INTO "public"."ingredient" VALUES (188, 1, 27, '1 щепотка кайенского перца', NULL);
INSERT INTO "public"."ingredient" VALUES (196, 1, 28, 'Ваниль 2 г.', NULL);
INSERT INTO "public"."ingredient" VALUES (190, 1, 27, '1/2 ч. ложки ванильного экстракта', NULL);
INSERT INTO "public"."ingredient" VALUES (191, 1, 27, '1 ст. ложка сахара (по желанию)', NULL);
INSERT INTO "public"."ingredient" VALUES (181, 1, 26, '30 г. какао тертого', NULL);
INSERT INTO "public"."ingredient" VALUES (186, 1, 27, '30 г. какао тертого', NULL);
INSERT INTO "public"."ingredient" VALUES (194, 1, 28, '170 г. молока', NULL);
INSERT INTO "public"."ingredient" VALUES (195, 1, 28, '40 г. рисовой муки цельнозерновой', NULL);
INSERT INTO "public"."ingredient" VALUES (199, 1, 29, 'Соль 10 г.', NULL);
INSERT INTO "public"."ingredient" VALUES (214, 1, 31, 'Сельдерей 1 стебель', NULL);
INSERT INTO "public"."ingredient" VALUES (118, 1, 19, 'Ряженка 100 мл.', NULL);
INSERT INTO "public"."ingredient" VALUES (119, 1, 19, 'Мука 60 г. рисовая и 60 г. кукурузная', NULL);
INSERT INTO "public"."ingredient" VALUES (122, 1, 19, '1 чайная ложка оливкового масла', NULL);
INSERT INTO "public"."ingredient" VALUES (123, 1, 19, 'Разрыхлитель пол чайной ложки', NULL);
INSERT INTO "public"."ingredient" VALUES (128, 1, 20, '5г. фитпарад', NULL);
INSERT INTO "public"."ingredient" VALUES (132, 1, 20, 'Пол чайной ложки разрыхлителя', NULL);
INSERT INTO "public"."ingredient" VALUES (133, 1, 20, '15 г. кокосовой стружки', NULL);
INSERT INTO "public"."ingredient" VALUES (120, 1, 19, 'Соль / сахарозаменитель по вкусу', NULL);
INSERT INTO "public"."ingredient" VALUES (147, 1, 22, '15 г. какао', NULL);
INSERT INTO "public"."ingredient" VALUES (153, 1, 22, '8 г. желатина', NULL);
INSERT INTO "public"."ingredient" VALUES (154, 1, 22, '3 г. пребиосвита', NULL);
INSERT INTO "public"."ingredient" VALUES (166, 1, 23, 'Горький шоколад 1 кусок', NULL);
INSERT INTO "public"."ingredient" VALUES (171, 1, 24, 'Щепотка корицы', NULL);
INSERT INTO "public"."ingredient" VALUES (172, 1, 25, 'Стакан молока', NULL);
INSERT INTO "public"."ingredient" VALUES (174, 1, 25, '1 столовых ложки традиционного какао-порошка', NULL);
INSERT INTO "public"."ingredient" VALUES (175, 1, 25, '1/2 чайной ложки ванильного экстракта', NULL);
INSERT INTO "public"."ingredient" VALUES (183, 1, 26, '1 ст. ложка сахара или мёда', NULL);
INSERT INTO "public"."ingredient" VALUES (187, 1, 27, '1/4 чайной ложки корицы', NULL);
INSERT INTO "public"."ingredient" VALUES (215, 1, 31, 'Лимон ½ штуки', NULL);
INSERT INTO "public"."ingredient" VALUES (216, 1, 32, 'Миндаль 320 г.', NULL);
INSERT INTO "public"."ingredient" VALUES (217, 1, 32, 'Финики 6 шт.', NULL);
INSERT INTO "public"."ingredient" VALUES (218, 1, 32, 'Минеральная вода 3 стакана', NULL);
INSERT INTO "public"."ingredient" VALUES (219, 1, 32, 'Хурма 3 шт.', NULL);
INSERT INTO "public"."ingredient" VALUES (220, 1, 32, 'Мускатный орех ½ чайные ложки', NULL);
INSERT INTO "public"."ingredient" VALUES (221, 1, 32, 'Молотая корица ½ чайные ложки', NULL);
INSERT INTO "public"."ingredient" VALUES (222, 1, 32, 'Кардамон ¼ чайные ложки', NULL);
INSERT INTO "public"."ingredient" VALUES (223, 1, 32, 'Имбирь ¼ чайные ложки', NULL);
INSERT INTO "public"."ingredient" VALUES (224, 1, 33, 'Лимонная цедра 1 чайная ложка', NULL);
INSERT INTO "public"."ingredient" VALUES (225, 1, 33, 'Огурцы 1 шт.', NULL);
INSERT INTO "public"."ingredient" VALUES (226, 1, 33, 'Яблоко 3 шт.', NULL);
INSERT INTO "public"."ingredient" VALUES (228, 1, 34, '1 яйцо', NULL);
INSERT INTO "public"."ingredient" VALUES (233, 1, 34, 'Подсластитель  по вкусу', NULL);
INSERT INTO "public"."ingredient" VALUES (234, 1, 34, 'Щепотка соли', NULL);
INSERT INTO "public"."ingredient" VALUES (236, 1, 34, '2 яйца', NULL);
INSERT INTO "public"."ingredient" VALUES (242, 1, 34, 'Подсластитель  по вкусу', NULL);
INSERT INTO "public"."ingredient" VALUES (264, 1, 36, 'Укроп для подачи', NULL);
INSERT INTO "public"."ingredient" VALUES (283, 1, 38, 'Рис - 1 стакан', NULL);
INSERT INTO "public"."ingredient" VALUES (284, 1, 38, 'Молоко - 4 стакана', NULL);
INSERT INTO "public"."ingredient" VALUES (286, 1, 38, 'Масло сливочное - 2 ст. ложки', NULL);
INSERT INTO "public"."ingredient" VALUES (287, 1, 38, 'Желток (по желанию) - 1 шт.', NULL);
INSERT INTO "public"."ingredient" VALUES (291, 1, 39, 'Морковь - 1 шт.', NULL);
INSERT INTO "public"."ingredient" VALUES (292, 1, 39, 'Лук репчатый - 1 шт.', NULL);
INSERT INTO "public"."ingredient" VALUES (293, 1, 39, 'Масло растительное - 2 ст. ложка', NULL);
INSERT INTO "public"."ingredient" VALUES (294, 1, 39, 'Мука пшеничная - 1 ст. ложка', NULL);
INSERT INTO "public"."ingredient" VALUES (295, 1, 39, 'Мускатный орех молотый - 1 ч. ложка', NULL);
INSERT INTO "public"."ingredient" VALUES (296, 1, 39, 'Соль - по вкусу', NULL);
INSERT INTO "public"."ingredient" VALUES (297, 1, 39, 'Перец черный молотый - по вкусу', NULL);
INSERT INTO "public"."ingredient" VALUES (300, 1, 40, 'Чеснок 1 зубчик', NULL);
INSERT INTO "public"."ingredient" VALUES (235, 1, 34, 'Для начинки:', 'true');
INSERT INTO "public"."ingredient" VALUES (273, 1, 35, 'Для гренок:', 'true');
INSERT INTO "public"."ingredient" VALUES (268, 1, 35, 'Репчатый лук 1 шт.', NULL);
INSERT INTO "public"."ingredient" VALUES (303, 1, 40, 'Соль по вкусу', NULL);
INSERT INTO "public"."ingredient" VALUES (304, 1, 40, 'Молотый черный перец по вкусу', NULL);
INSERT INTO "public"."ingredient" VALUES (305, 1, 41, 'Тунец 200 г.', NULL);
INSERT INTO "public"."ingredient" VALUES (306, 1, 41, 'Консервированный тунец 50 г.', NULL);
INSERT INTO "public"."ingredient" VALUES (307, 1, 41, 'Перепелиное яйцо 4 шт.', NULL);
INSERT INTO "public"."ingredient" VALUES (308, 1, 41, 'Маринованные мини-артишоки 160 г.', NULL);
INSERT INTO "public"."ingredient" VALUES (309, 1, 41, 'Огурцы 100 г.', NULL);
INSERT INTO "public"."ingredient" VALUES (310, 1, 41, 'Помидоры 100 г.', NULL);
INSERT INTO "public"."ingredient" VALUES (311, 1, 41, 'Вяленые помидоры 20 г.', NULL);
INSERT INTO "public"."ingredient" VALUES (312, 1, 41, 'Сладкий перец 2 шт.', NULL);
INSERT INTO "public"."ingredient" VALUES (313, 1, 41, 'Маслины 20 г.', NULL);
INSERT INTO "public"."ingredient" VALUES (314, 1, 41, 'Редис 20 г.', NULL);
INSERT INTO "public"."ingredient" VALUES (315, 1, 41, 'Смесь салатных листьев 40 г.', NULL);
INSERT INTO "public"."ingredient" VALUES (316, 1, 41, 'Салат мини романо 30 г.', NULL);
INSERT INTO "public"."ingredient" VALUES (317, 1, 41, 'Листья сельдерея 30 шт.', NULL);
INSERT INTO "public"."ingredient" VALUES (318, 1, 41, 'Кресс-салат 6 г.', NULL);
INSERT INTO "public"."ingredient" VALUES (319, 1, 41, 'Мёд 40 г.', NULL);
INSERT INTO "public"."ingredient" VALUES (320, 1, 41, 'Яичный желток 3 шт.', NULL);
INSERT INTO "public"."ingredient" VALUES (321, 1, 41, 'Дижонская горчица 40 г.', NULL);
INSERT INTO "public"."ingredient" VALUES (322, 1, 41, 'Хересный уксус 2 чайные ложки', NULL);
INSERT INTO "public"."ingredient" VALUES (323, 1, 41, 'Оливковое масло Extra Virgin 5 столовых ложек', NULL);
INSERT INTO "public"."ingredient" VALUES (324, 1, 41, 'Бальзамический уксус 100 мл.', NULL);
INSERT INTO "public"."ingredient" VALUES (325, 1, 41, 'Дезодорированное рафинированное растительное масло 150 мл.', NULL);
INSERT INTO "public"."ingredient" VALUES (326, 1, 41, 'Соевый соус 20 мл.', NULL);
INSERT INTO "public"."ingredient" VALUES (327, 1, 41, 'Базилик 5 г.', NULL);
INSERT INTO "public"."ingredient" VALUES (259, 1, 36, 'Морковь 1 шт.', NULL);
INSERT INTO "public"."ingredient" VALUES (262, 1, 36, 'Лист лавровый 1 шт.', NULL);
INSERT INTO "public"."ingredient" VALUES (278, 1, 37, 'Молоко - 500 мл.', NULL);
INSERT INTO "public"."ingredient" VALUES (229, 1, 34, '70 г. сметаны', NULL);
INSERT INTO "public"."ingredient" VALUES (230, 1, 34, '50 г. кокосовое масло (можно растопленное сливочное)', NULL);
INSERT INTO "public"."ingredient" VALUES (231, 1, 34, '210 г. рисовой муки', NULL);
INSERT INTO "public"."ingredient" VALUES (237, 1, 34, '400 г. творога в брикете', NULL);
INSERT INTO "public"."ingredient" VALUES (238, 1, 34, '300 г. сметаны или густого йогурта', NULL);
INSERT INTO "public"."ingredient" VALUES (260, 1, 36, 'Вода 1л.', NULL);
INSERT INTO "public"."ingredient" VALUES (240, 1, 34, '40 г. сухого молока', NULL);
INSERT INTO "public"."ingredient" VALUES (241, 1, 34, '40 г. кукурузного крахмала', NULL);
INSERT INTO "public"."ingredient" VALUES (243, 1, 34, 'Ванилин 10 г.', NULL);
INSERT INTO "public"."ingredient" VALUES (266, 1, 35, 'Шампиньоны 300 г.', NULL);
INSERT INTO "public"."ingredient" VALUES (269, 1, 35, 'Сливки 200 г. 10%', NULL);
INSERT INTO "public"."ingredient" VALUES (267, 1, 35, 'Картофель 220 г.  в очищенном виде', NULL);
INSERT INTO "public"."ingredient" VALUES (274, 1, 35, 'Ржаной хлеб 40-50 г.', NULL);
INSERT INTO "public"."ingredient" VALUES (280, 1, 37, 'Овсяные хлопья - 60 г.', NULL);
INSERT INTO "public"."ingredient" VALUES (282, 1, 37, 'Масло сливочное - 50 г.', NULL);
INSERT INTO "public"."ingredient" VALUES (299, 1, 40, 'Смесь салатных листьев 75 г.', NULL);
INSERT INTO "public"."ingredient" VALUES (298, 1, 40, 'Помидоры 400 г.', NULL);
INSERT INTO "public"."ingredient" VALUES (256, 1, 36, 'Лук репчатый 10 шт.', NULL);
INSERT INTO "public"."ingredient" VALUES (279, 1, 37, 'Вода - 100 мл.', NULL);
INSERT INTO "public"."ingredient" VALUES (290, 1, 39, 'Сметана 20% - 200 мл.', NULL);
INSERT INTO "public"."ingredient" VALUES (301, 1, 40, 'Натуральный йогурт 200 мл.', NULL);
INSERT INTO "public"."ingredient" VALUES (302, 1, 40, 'Оливковое масло 55 мл.', NULL);
INSERT INTO "public"."ingredient" VALUES (232, 1, 34, '1/2 чайной ложки разрыхлителя', NULL);
INSERT INTO "public"."ingredient" VALUES (239, 1, 34, '150 г. творожного сыра (violette  или хохланд)', NULL);
INSERT INTO "public"."ingredient" VALUES (263, 1, 36, 'Мука цельнозерновой 3 столовых ложки', NULL);
INSERT INTO "public"."ingredient" VALUES (265, 1, 36, 'Сок лимонный для подачи (на порцию 1 чайной ложки)', NULL);
INSERT INTO "public"."ingredient" VALUES (270, 1, 35, 'Соль, специи', NULL);
INSERT INTO "public"."ingredient" VALUES (271, 1, 35, 'Оливковое масло  1 столовая ложка', NULL);
INSERT INTO "public"."ingredient" VALUES (276, 1, 35, 'Травки по вкусу', NULL);
INSERT INTO "public"."ingredient" VALUES (277, 1, 35, 'Оливков.масло  1/2 чайной ложки', NULL);
INSERT INTO "public"."ingredient" VALUES (281, 1, 37, 'Соль - 1/3 чайной ложки', NULL);
INSERT INTO "public"."ingredient" VALUES (285, 1, 38, 'Сахар - 1 столовая ложка (по вкусу)', NULL);
INSERT INTO "public"."ingredient" VALUES (288, 1, 38, 'Соль – 0,25-0,5 чайной ложки (по вкусу)', NULL);
INSERT INTO "public"."ingredient" VALUES (289, 1, 39, 'Филе минтая – 600-700 г.', NULL);
INSERT INTO "public"."ingredient" VALUES (328, 1, 41, 'Тимьян 2 стебля', NULL);
INSERT INTO "public"."ingredient" VALUES (329, 1, 41, 'Чеснок 2 зубчика', NULL);
INSERT INTO "public"."ingredient" VALUES (330, 1, 41, 'Молотый чёрный перец по вкусу', NULL);
INSERT INTO "public"."ingredient" VALUES (331, 1, 41, 'Соль по вкусу', NULL);
INSERT INTO "public"."ingredient" VALUES (335, 1, 42, 'Красная консервированная фасоль 1 банка', NULL);
INSERT INTO "public"."ingredient" VALUES (336, 1, 42, 'Зеленый салат 1 пучок', NULL);
INSERT INTO "public"."ingredient" VALUES (337, 1, 42, 'Сухарики по вкусу', NULL);
INSERT INTO "public"."ingredient" VALUES (338, 1, 42, 'Майонез по вкусу', NULL);
INSERT INTO "public"."ingredient" VALUES (345, 1, 9, '1/2 банана', NULL);
INSERT INTO "public"."ingredient" VALUES (227, 1, 34, 'Для основы:', 'true');
INSERT INTO "public"."ingredient" VALUES (275, 1, 35, 'Гранулированный чеснок', NULL);
INSERT INTO "public"."ingredient" VALUES (344, 1, 9, 'Для начинки:', 'true');
INSERT INTO "public"."ingredient" VALUES (350, 1, 43, 'Стручковая фасоль 300 г.', NULL);
INSERT INTO "public"."ingredient" VALUES (351, 1, 43, 'Растительное масло по вкусу', NULL);
INSERT INTO "public"."ingredient" VALUES (352, 1, 43, 'Соль по вкусу', NULL);
INSERT INTO "public"."ingredient" VALUES (353, 1, 43, 'Паприка по вкусу', NULL);
INSERT INTO "public"."ingredient" VALUES (354, 1, 43, 'Смесь перцев по вкусу', NULL);
INSERT INTO "public"."ingredient" VALUES (356, 1, 43, 'Куриное филе 300 г.', NULL);
INSERT INTO "public"."ingredient" VALUES (261, 1, 36, 'Соль, перец', NULL);
INSERT INTO "public"."ingredient" VALUES (2, 1, 1, 'Отруби овсяные 30 г.', NULL);
INSERT INTO "public"."ingredient" VALUES (93, 1, 17, '40 г. овсяных хлопьев длительной варки смолоть в муку', NULL);
INSERT INTO "public"."ingredient" VALUES (87, 1, 15, '10 г. кедровые орешки либо миндаль', NULL);
INSERT INTO "public"."ingredient" VALUES (160, 1, 23, 'Кондитерский сахар 40 г.', NULL);
INSERT INTO "public"."ingredient" VALUES (198, 1, 29, 'Вода 310 г. (тоже взвешиваем) количество зависит  от муки может быть чуть больше или чуть меньше', NULL);
INSERT INTO "public"."ingredient" VALUES (257, 1, 36, 'Капуста белокочанная 500 г.', NULL);
INSERT INTO "public"."ingredient" VALUES (333, 1, 42, 'Куриная грудка 500 г.', NULL);
INSERT INTO "public"."ingredient" VALUES (334, 1, 42, 'Твердый сыр 150 г.', NULL);
INSERT INTO "public"."ingredient" VALUES (339, 1, 9, '30 г. овсянки длительной варки', NULL);
INSERT INTO "public"."ingredient" VALUES (340, 1, 9, '40 г. мягкого творога', NULL);
INSERT INTO "public"."ingredient" VALUES (341, 1, 9, '10 г. какао или шоколада', NULL);
INSERT INTO "public"."ingredient" VALUES (197, 1, 29, 'Мука 250 г. цельнозерновая пшеничная  и 150 г. ржаная обдирная', NULL);
INSERT INTO "public"."ingredient" VALUES (347, 1, 43, 'Морковь 1 шт.', NULL);
INSERT INTO "public"."ingredient" VALUES (348, 1, 43, 'Луковица 1 шт.', NULL);
INSERT INTO "public"."ingredient" VALUES (31, 1, 5, 'Сахарозаменитель 1 г.', NULL);
INSERT INTO "public"."ingredient" VALUES (38, 1, 6, 'Сахарозаменитель 2 г.', NULL);
INSERT INTO "public"."ingredient" VALUES (91, 1, 16, '25 г. сыр твёрдый 16% соль по вкусу', NULL);
INSERT INTO "public"."ingredient" VALUES (258, 1, 36, 'Масло оливковое 30 мл.', NULL);
INSERT INTO "public"."ingredient" VALUES (272, 1, 35, 'Вода 300-400 мл.  по вкусу (чем меньше воды, тем гуще суп  и наоборот)', NULL);
INSERT INTO "public"."ingredient" VALUES (332, 1, 42, 'Помидоры 3 шт.', NULL);
INSERT INTO "public"."ingredient" VALUES (342, 1, 9, '1 яйцо', NULL);
INSERT INTO "public"."ingredient" VALUES (343, 1, 9, '1 чайная ложка мёда', NULL);
INSERT INTO "public"."ingredient" VALUES (346, 1, 43, 'Спагетти 1 упаковка (можно гречневые)', NULL);
INSERT INTO "public"."ingredient" VALUES (349, 1, 43, 'Кунжут 2 столовых ложки', NULL);
INSERT INTO "public"."ingredient" VALUES (355, 1, 43, 'Соевый соус 1 столовая ложка', NULL);
INSERT INTO "public"."ingredient" VALUES (357, 1, 44, 'Говядина - 500 г.', NULL);
INSERT INTO "public"."ingredient" VALUES (358, 1, 44, 'Свёкла - 1 шт.', NULL);
INSERT INTO "public"."ingredient" VALUES (359, 1, 44, 'Картофель - 2 шт.', NULL);
INSERT INTO "public"."ingredient" VALUES (360, 1, 44, 'Капуста белокочанная - 200 г.', NULL);
INSERT INTO "public"."ingredient" VALUES (361, 1, 44, 'Морковь - 1 шт.', NULL);
INSERT INTO "public"."ingredient" VALUES (362, 1, 44, 'Лук репчатый - 1 шт.', NULL);
INSERT INTO "public"."ingredient" VALUES (363, 1, 44, 'Томатная паста - 1 столовая ложка', NULL);
INSERT INTO "public"."ingredient" VALUES (364, 1, 44, 'Масло растительное - 2 столовых ложки', NULL);
INSERT INTO "public"."ingredient" VALUES (365, 1, 44, 'Уксус - 1 чайная ложка', NULL);
INSERT INTO "public"."ingredient" VALUES (366, 1, 44, 'Лавровый лист - 1 шт.', NULL);
INSERT INTO "public"."ingredient" VALUES (367, 1, 44, 'Перец чёрный горошком - 2-3 шт.', NULL);
INSERT INTO "public"."ingredient" VALUES (368, 1, 44, 'Соль - 2 чайные ложки (по вкусу)', NULL);
INSERT INTO "public"."ingredient" VALUES (369, 1, 44, 'Вода - 1,5 л.', NULL);
INSERT INTO "public"."ingredient" VALUES (370, 1, 44, 'Для подачи:', NULL);
INSERT INTO "public"."ingredient" VALUES (371, 1, 44, 'Зелень укропа и/или петрушки (для подачи) - 3-4 веточки', NULL);
INSERT INTO "public"."ingredient" VALUES (372, 1, 44, 'Сметана (для подачи) - 2 столовых ложки', NULL);
